Type,Part Number,Brand,Model,Rank,Benchmark,Samples,Difference from 570
GPU,,Nvidia,RTX 4090,1,423,4273,81164%
GPU,,Nvidia,RTX 4080,2,329,1530,60905%
GPU,,Nvidia,RTX 3090-Ti,3,266,12073,47328%
GPU,,Nvidia,RTX 3090,4,233,125683,40216%
GPU,‎ROG-STRIX-RTX3090-O24G-GAMING,Asus,Asus RTX 3080 24GB ROG Strix,4,233,125683,40216%
GPU,‎TUF-RTX3090-O24G-GAMING,Asus,Asus RTX 3080 24GB Tuf OC,4,233,125683,40216%
GPU, ‎RTX 3090 GAMING X TRIO 24G,MSI,MSI RTX 3090 24GB Gaming X Trio OC,4,233,125683,40216%
GPU,‎ZT-A30900J-10P,Zotac,Zotac RTX 3090 24GB Trinity OC,4,233,125683,40216%
GPU,24G-P5-3987-KR,EVGA,EVGA RTX 3090 24GB XC3 Ultra Gaming,4,233,125683,40216%
GPU,GeForce RTX 3090 VENTUS 3X 24G OC,MSI,MSI RTX 3090 24GB Ventus 3X OC,4,233,125683,40216%
GPU,,Nvidia,RTX 3080-Ti,5,230,139549,39569%
GPU,12G-P5-3967-KR,EVGA,EVGA RTX 3080 Ti 12GB FTW3 Ultra Gaming,5,230,139549,39569%
GPU,TUF-RTX3080TI-O12G-GAMING,Asus,Asus RTX 3080 Ti 12GB Tuf OC,5,230,139549,39569%
GPU,GV-N308TGAMING OC-12GD,Gigabyte,Gigabyte RTX 3080 Ti 12GB Gaming OC,5,230,139549,39569%
GPU,‎RTX 3080 Ti Gaming X Trio 12G,MSI,MSI RTX 3080 Ti 12GB Gaming X Trio OC,5,230,139549,39569%
GPU,‎GeForce RTX 3080 Ti VENTUS 3X 12G OC,MSI,MSI RTX 3080 Ti 12GB Ventus 3X OC,5,230,139549,39569%
GPU,12G-P5-3955-KR,EVGA,EVGA RTX 3080 Ti 12GB XC3 Ultra Gaming,5,230,139549,39569%
GPU,‎ZT-A30810J-10P,Zotac,Zotac RTX 3080 Ti 12GB Trinity OC,5,230,139549,39569%
GPU,‎ROG-STRIX-RTX3080TI-O12G-GAMING,Asus,Asus RTX 3080 Ti 12GB ROG Strix OC,5,230,139549,39569%
GPU,GV-N308TVISION OC-12GD,Gigabyte,Gigabyte RTX 3080 Ti 12GB Vision OC,5,230,139549,39569%
GPU,GeForce RTX 3080 Ti SUPRIM X 12G,MSI,MSI RTX 3080 Ti 12GB Suprim X,5,230,139549,39569%
GPU,GV-N308TAORUS M-12GD,Gigabyte,Gigabyte RTX 3080 Ti 12GB Aorus Master,5,230,139549,39569%
GPU,GV-N308TEAGLE-12GD,Gigabyte,Gigabyte RTX 3080 Ti 12GB Eagle,5,230,139549,39569%
GPU,,Nvidia,Quadro RTX A6000,6,207,1,34612%
GPU,,Nvidia,RTX 3080,7,206,353788,34397%
GPU,RTX 3080 Ventus 3X Plus 10G OC LHR,MSI,MSI RTX 3080 10GB Ventus 3X OC,7,206,353788,34397%
GPU,GV-N3080GAMING OC-10GD-V2,Gigabyte,Gigabyte RTX 3080 10GB Gaming OC,7,206,353788,34397%
GPU,‎GV-N3080VISION OC-10GD 2.0,Gigabyte,Gigabyte RTX 3080 10GB Vision OC,7,206,353788,34397%
GPU,‎TUF-RTX3080-O10G-V2-GAMING,Asus,Asus RTX 3080 10GB Tuf OC,7,206,353788,34397%
GPU,‎ZT-A30800J-10PLHR,Zotac,Zotac RTX 3080 10GB Trinity OC,7,206,353788,34397%
GPU,‎10G-P5-3897-KR,EVGA,EVGA RTX 3080 10GB FTW3 Ultra Gaming,7,206,353788,34397%
GPU,GV-N3080AORUS X-10GD REV2.0,Gigabyte,Gigabyte RTX 3080 10GB Aorus Master,7,206,353788,34397%
GPU,RTX 3080 Gaming Z Trio 10G LHR,MSI,MSI RTX 3080 10GB Gaming Z Trio,7,206,353788,34397%
GPU,,Nvidia,Titan RTX,8,189,2366,30733%
GPU,900-1G150-2500-000,Nvidia,NVidia Titan RTX 24GB,8,189,2366,30733%
GPU,,AMD,RX 6950-XT,9,186,622,30086%
GPU,,AMD,RX 6900-XT,10,183,20352,29440%
GPU,,Nvidia,Quadro RTX 6000,11,180,824,28793%
GPU,,Nvidia,Quadro RTX 8000,12,179,341,28578%
GPU,,Nvidia,RTX 2080-Ti,13,172,370356,27069%
GPU,ZT-T20810D-10P,Zotac,Zotac RTX 2080 Ti 11GB GAMING AMP SPECTRA RGB,13,172,370356,27069%
GPU,DUAL-RTX2080TI-O11G,Asus,Asus RTX 2080 Ti 11GB Dual-fan OC,13,172,370356,27069%
GPU,RTX 2080 Ti GAMING X TRIO,MSI,MSI RTX 2080 Ti 11GB Gaming,13,172,370356,27069%
GPU,GV-N208TGAMING OC-11GC,Gigabyte,Gigabyte RTX 2080 Ti 11GB Gaming OC,13,172,370356,27069%
GPU,ROG-STRIX-RTX2080TI-O11G-GAMING,Asus,Asus RTX 2080 Ti 11GB ROG Strix,13,172,370356,27069%
GPU,11G-P4-2487-KR,EVGA,EVGA RTX 2080 Ti 11GB FTW3 Ultra Gaming,13,172,370356,27069%
GPU,11G-P4-2281-KR,EVGA,EVGA RTX 2080 Ti 11GB Black,13,172,370356,27069%
GPU,GV-N208TAORUS X-11GC,Gigabyte,Gigabyte RTX 2080 Ti 11GB Xtreme,13,172,370356,27069%
GPU,,Nvidia,RTX 3070-Ti,14,167,142865,25991%
GPU,TUF-RTX3070TI-O8G-GAMING,Asus,Asus RTX 3070 Ti 8GB Tuf OC,14,167,142865,25991%
GPU,GV-N307TGAMING OC-8GD,Gigabyte,Gigabyte RTX 3070 Ti 8GB Gaming OC,14,167,142865,25991%
GPU,‎08G-P5-3767-KL,EVGA,EVGA RTX 3070 Ti 8GB FTW3 Ultra Gaming,14,167,142865,25991%
GPU,ZT-A30710J-10P,Zotac,Zotac RTX 3070 Ti 8GB Trinity OC,14,167,142865,25991%
GPU,RTX 3070 Ti Ventus 3X 8G OC,MSI,MSI RTX 3070 Ti 8GB Ventus 3X OC,14,167,142865,25991%
GPU,GVN307TVISIONOC8GD,Gigabyte,Gigabyte RTX 3070 Ti 8GB Vision OC,14,167,142865,25991%
GPU,RTX 3070 Ti Suprim X 8G,MSI,MSI RTX 3070 Ti 8GB Suprim X,14,167,142865,25991%
GPU,N307T3-086XX-1820VA45,Nvidia,Inno3D RTX 3070 Ti 8GB 3X OC,14,167,142865,25991%
GPU,ZT-A30710F-10P,Zotac,Zotac RTX 3070 Ti 8GB AMP Holo,14,167,142865,25991%
GPU,,Nvidia,Titan V,15,163,856,25129%
GPU,,Nvidia,RTX 3070,16,154,447840,23190%
GPU,GV-N3070GAMING OC-8GD REV2.0,Gigabyte,Gigabyte RTX 3070 8GB Gaming OC,16,154,447840,23190%
GPU,RTX 3070 Ventus 2X 8G OC LHR,MSI,MSI RTX 3070 8GB Ventus 2X OC,16,154,447840,23190%
GPU,GV-N3070AORUS M-8GD REV2.0,Gigabyte,Gigabyte RTX 3070 8GB Aorus,16,154,447840,23190%
GPU,RTX 3070 Ventus 3X 8G OC LHR,MSI,MSI RTX 3070 8GB Ventus 3X OC,16,154,447840,23190%
GPU,GV-N3070VISION OC-8GD,Gigabyte,Gigabyte RTX 3070 8GB Vision OC,16,154,447840,23190%
GPU,08G-P5-3767-KL,EVGA,EVGA RTX 3070 8GB FTW3 Ultra Gaming,16,154,447840,23190%
GPU,ZT-A30700H-10PLHR,Zotac,Zotac RTX 3070 8GB Twin Edge OC,16,154,447840,23190%
GPU,,AMD,RX 6800-XT,17,146,8529,21466%
GPU,,Nvidia,Titan Xp,18,142,7923,20603%
GPU,,Nvidia,RTX 3080-Ti (Laptop),19,139,1226,19957%
GPU,,Nvidia,RTX 2080S (Super),20,138,243635,19741%
GPU,GV-N208SGAMING OC-8GC,Gigabyte,Gigabyte RTX 2080 Super 8GB Gaming,20,138,243635,19741%
GPU,08GP43183KR,EVGA,EVGA RTX 2080 Super 8GB XC Ultra,20,138,243635,19741%
GPU,RTX 2080 Super Gaming X Trio,MSI,MSI RTX 2080 Super 8GB Gaming X,20,138,243635,19741%
GPU,ROG-STRIX-RTX2080S-A8G-Gaming,Asus,Asus RTX 2080 Super 8GB ROG Strix A8G,20,138,243635,19741%
GPU,ROG-STRIX-RTX2080S-O8G-Gaming,Asus,Asus RTX 2080 Super 8GB ROG Strix O8G,20,138,243635,19741%
GPU,RTX 2080 Super Ventus XS OC,MSI,MSI RTX 2080 Super 8GB Ventus XS OC,20,138,243635,19741%
GPU,RTX 2080 SUPER VENTUS OC,MSI,MSI RTX 2080 Super 8GB Ventus OC,20,138,243635,19741%
GPU,Gv-N208SWF3OC-8GD,Gigabyte,Gigabyte RTX 2080 Super 8GB Windforce,20,138,243635,19741%
GPU,08G-P4-3081-KR,EVGA,EVGA RTX 2080 Super 8GB Black Gaming,20,138,243635,19741%
GPU,GV-N208SAORUS-8GC,Gigabyte,Gigabyte RTX 2080 Super 8GB Aorus Windforce,20,138,243635,19741%
GPU,08G-P4-2083-KR,EVGA,EVGA RTX 2080 Super 8GB KO Dual,20,138,243635,19741%
GPU,,Nvidia,Quadro RTX 5000,21,136,1703,19310%
GPU,,Nvidia,GTX 1080-Ti,22,136,782243,19310%
GPU,11G-P4-6390-KR,EVGA,EVGA GTX 1080 Ti 11GB Founders Edition,22,136,782243,19310%
GPU,GV-N108TD5X-B,Nvidia,Gigabyte GTX 1080 Ti 11GB Founders Edition,22,136,782243,19310%
GPU,GTX 1080 Ti Founders Edition,Nvidia,MSI GTX 1080 Ti 11GB Founders Edition,22,136,782243,19310%
GPU,ZT-P10810A-10P,Nvidia,Zotac GTX 1080 Ti 11GB Founders Edition,22,136,782243,19310%
GPU,GTX1080TI-FE,Asus,Asus GTX 1080 Ti 11GB Founders Edition,22,136,782243,19310%
GPU,ROG-STRIX-GTX1080TI-O11G-GAMING,Asus,Asus GTX 1080 Ti 11GB Gaming OC,22,136,782243,19310%
GPU,GTX 1080 TI GAMING X,MSI,MSI GTX 1080 TI 11GB Gaming X,22,136,782243,19310%
GPU,GV-N108TAORUS-11GD,Gigabyte,Gigabyte GTX 1080 Ti 11GB AORUS,22,136,782243,19310%
GPU,11G-P4-6696-KR,EVGA,EVGA GTX 1080 Ti 11GB FTW3 Gaming,22,136,782243,19310%
GPU,ROG-STRIX-GTX1080TI-O11G-GAMING,Asus,Asus GTX 1080 Ti 11GB ROG Strix OC,22,136,782243,19310%
GPU,11G-P4-6393-KR,EVGA,EVGA GTX 1080 Ti 11GB SC Black,22,136,782243,19310%
GPU,ROG-STRIX-GTX1080TI-11G-GAMING,Asus,Asus GTX 1080 Ti 11GB ROG Strix,22,136,782243,19310%
GPU,11G-P4-6593-KR,EVGA,EVGA GTX 1080 Ti 11GB SC2 Gaming,22,136,782243,19310%
GPU,GV-N108TAORUS X-11GD,Gigabyte,Gigabyte GTX 1080 Ti 11GB AORUS Xtreme,22,136,782243,19310%
GPU,,Nvidia,Quadro P6000,23,133,765,18664%
GPU,,Nvidia,Titan X Pascal,24,133,8409,18664%
GPU,900-1G611-2500-000,Nvidia,NVidia Titan X Pascal 12GB,24,133,8409,18664%
GPU,,Nvidia,RTX 3060-Ti,25,132,257683,18448%
GPU,GV-N306TGAMING OC-8GD V2,Gigabyte,Gigabyte RTX 3060 Ti 8GB Gaming OC,25,132,257683,18448%
GPU,‎RTX 3060 Ti VENTUS 3X 8G OC LHR,MSI,MSI RTX 3060 Ti 8GB Ventus 3X OC,25,132,257683,18448%
GPU,GeForce RTX 3060 Ti VENTUS 2X OCV1 LHR,MSI,MSI RTX 3060 Ti 8GB Ventus 2X,25,132,257683,18448%
GPU,GV-N306TEAGLE OC-8GD V2,Gigabyte,Gigabyte RTX 3060 Ti 8GB Eagle OC,25,132,257683,18448%
GPU,GV-N306TGAMINGOC PRO-8GD REV3.0,Gigabyte,Gigabyte RTX 3060 Ti 8GB Gaming OC Pro,25,132,257683,18448%
GPU,RTX 3060 Ti Gaming X Trio,MSI,MSI RTX 3060 Ti 8GB Gaming X Trio,25,132,257683,18448%
GPU,ZT-A30610H-10MLHR,Zotac,Zotac RTX 3060 Ti 8GB Twin Edge OC,25,132,257683,18448%
GPU,,Nvidia,RTX 2080,26,129,311089,17802%
GPU,RTX 2080 GAMING X TRIO,MSI,MSI RTX 2080 8GB Gaming X Trio,26,129,311089,17802%
GPU,GV-N2080WF3OC-8GC,Gigabyte,Gigabyte RTX 2080 8GB Windforce OC,26,129,311089,17802%
GPU,DUAL-RTX2080-O8G,Asus,Asus RTX 2080 8GB Dual OC,26,129,311089,17802%
GPU,GV-N2080GAMING OC-8GC,Gigabyte,Gigabyte RTX 2080 8GB Gaming OC,26,129,311089,17802%
GPU,08G-P4-2183-KR,EVGA,EVGA RTX 2080 8GB XC Ultra Gaming,26,129,311089,17802%
GPU,ROG-STRIX-RTX2080-O8G-GAMING,Asus,Asus RTX 2080 8GB ROG STRIX,26,129,311089,17802%
GPU,08G-P4-2182-KR,EVGA,EVGA RTX 2080 8GB XC Gaming,26,129,311089,17802%
GPU,,Nvidia,RTX 3080 (Laptop),27,128,12700,17586%
GPU,,AMD,RX 6800,28,125,4975,16940%
GPU,TUF-RX6800-O16G-GAMING,Asus,Asus RX 6800 16GB TUF OC,28,125,4975,16940%
GPU,,Nvidia,RTX 3070-Ti (Laptop),29,121,3336,16078%
GPU,,Nvidia,RTX 2070S (Super),30,118,569107,15431%
GPU,08G-P4-3173-KR,EVGA,EVGA RTX 2070 Super 8GB SC XC Ultra Gaming,30,118,569107,15431%
GPU,GV-N207SGAMING OC-8GC,Gigabyte,Gigabyte RTX 2070 Super 8GB Gaming,30,118,569107,15431%
GPU,RTX 2070 SUPER VENTUS OC,MSI,MSI RTX 2070 Super 8GB Ventus,30,118,569107,15431%
GPU,GV-N207SWF3OC-8GD,Gigabyte,Gigabyte RTX 2070 Super 8GB 3X Windforce,30,118,569107,15431%
GPU,GV-N207SGAMING OC-8GD,Gigabyte,Gigabyte RTX 2070 Super 8GB 3X Gaming,30,118,569107,15431%
GPU,RTX 2070 Super GAMING X,MSI,MSI RTX 2070 Super 8GB Gaming X,30,118,569107,15431%
GPU,08G-P4-3071-KR,EVGA,EVGA RTX 2070 Super 8GB Super Black Gaming,30,118,569107,15431%
GPU,DUAL-RTX-2070S-O8G-EVO,Asus,Asus RTX 2070 Super 8GB Dual Evo,30,118,569107,15431%
GPU,ZT-T20710E-10M,Zotac,Zotac RTX 2070 Super 8GB Mini,30,118,569107,15431%
GPU,08G-P4-2072-KR,EVGA,EVGA RTX 2070 Super 8GB KO Gaming,30,118,569107,15431%
GPU,,Nvidia,RTX 2080S (Super Mobile),31,117,2346,15216%
GPU,,AMD,RX 6750-XT,32,114,497,14569%
GPU,,Nvidia,RTX 2080 (Mobile),33,114,4279,14569%
GPU,,Nvidia,RTX 3070 (Laptop),34,112,35282,14138%
GPU,,AMD,RX 6700-XT,35,112,19224,14138%
GPU,,AMD,Radeon-VII,36,110,13647,13707%
GPU,21291-01-40G,AMD,Sapphire Radeon VII 16GB,36,110,13647,13707%
GPU,RADEONVII-16G,AMD,Asus Radeon VII 16GB,36,110,13647,13707%
GPU,,AMD,RX 6800M,37,108,750,13276%
GPU,,Nvidia,Quadro GP100,38,108,127,13276%
GPU,,Nvidia,GTX 1080,39,106,1087024,12845%
GPU,08G-P4-6180-KR,EVGA,EVGA GTX 1080 8GB Founders Edition,39,106,1087024,12845%
GPU,GTX1080-8G,Asus,ASUS GTX 1080 8GB Founders Edition,39,106,1087024,12845%
GPU,GEFORCE GTX 1080 Founders Edition,Nvidia,MSI GTX 1080 8GB Founders Edition,39,106,1087024,12845%
GPU,ZT-P10800A-10P,Nvidia,Zotac GTX 1080 8GB Founders Edition,39,106,1087024,12845%
GPU,GV-N1080D5X-8GD-B,Nvidia,Gigabyte GTX 1080 8GB Founders Edition,39,106,1087024,12845%
GPU,08G-P4-6183-KR,EVGA,EVGA GTX 1080 8GB SC GAMING ACX 3.0,39,106,1087024,12845%
GPU,GTX 1080 GAMING X 8G,MSI,MSI GTX 1080 8GB GAMING X,39,106,1087024,12845%
GPU,GV-N1080G1 GAMING-8GD,Gigabyte,Gigabyte GTX 1080 8GB G1 Gaming,39,106,1087024,12845%
GPU,08G-P4-6286-KR,EVGA,EVGA GTX 1080 8GB FTW ACX 3.0,39,106,1087024,12845%
GPU,STRIX-GTX1080-A8G-GAMING,Asus,Asus GTX 1080 8GB ROG STRIX,39,106,1087024,12845%
GPU,STRIX-GTX1080-8G-GAMING,Asus,Asus GTX 1080 8GB ROG STRIX,39,106,1087024,12845%
GPU,ZT-P10800C-10P,Zotac,Zotac GTX 1080 8GB AMP,39,106,1087024,12845%
GPU,ZT-P10800B-10P,Zotac,Zotac GTX 1080 8GB AMP Extreme,39,106,1087024,12845%
GPU,GV-N1080XTREME-8GD,Gigabyte,Gigabyte GTX 1080 8GB Xtreme,39,106,1087024,12845%
GPU,GV-N1080XTREME-8GD Premium Pack,Gigabyte,Gigabyte GTX 1080 8GB Xtreme Pack,39,106,1087024,12845%
GPU,GV-N1080XTREME W-8GD,Gigabyte,Gigabyte GTX 1080 8GB Xtreme Water,39,106,1087024,12845%
GPU,08G-P4-6686-KR,EVGA,EVGA GTX 1080 8GB FTW2,39,106,1087024,12845%
GPU,GV-N1080TTOC-8GD,Gigabyte,Gigabyte GTX 1080 8GB Turbo,39,106,1087024,12845%
GPU,GV-N1080WF3OC-8GD,Gigabyte,Gigabyte GTX 1080 8GB Windforce,39,106,1087024,12845%
GPU,,Nvidia,RTX 2070,40,106,460951,12845%
GPU,GV-N2070GAMING OC-8GC,Gigabyte,Gigabyte RTX 2070 8GB Gaming OC,40,106,460951,12845%
GPU,08G-P4-2172-KR,EVGA,EVGA RTX 2070 8GB XC Gaming Dual HDB,40,106,460951,12845%
GPU,RTX 2070 GAMING Z 8G,MSI,MSI RTX 2070 8GB Gaming Z,40,106,460951,12845%
GPU,08G-P4-2173-KR,EVGA,EVGA RTX 2070 8GB XC Ultra Gaming,40,106,460951,12845%
GPU,ROG-STRIX-RTX2070-O8G-GAMING,Asus,Asus RTX 2070 8GB ROG STRIX,40,106,460951,12845%
GPU,RTX 2070 ARMOR 8G OC,MSI,MSI RTX 2070 8GB Armor OC,40,106,460951,12845%
GPU,GV-N2070WF3-8GC,Gigabyte,Gigabyte RTX 2070 8GB Windforce,40,106,460951,12845%
GPU,08G-P4-1071-KR,EVGA,EVGA RTX 2070 8GB Black Gaming,40,106,460951,12845%
GPU,ZT-T20700E-10P,Zotac,Zotac RTX 2070 8GB Mini,40,106,460951,12845%
GPU,DUAL-RTX-2070-8G,Asus,Asus RTX 2070 8GB Dual,40,106,460951,12845%
GPU,GeForce RTX 2070 TRI FROZR,MSI,MSI RTX 2070 8GB Tri Frozr,40,106,460951,12845%
GPU,,AMD,RX 5700XT 50th Anniversary,41,104,4183,12414%
GPU,,AMD,RX Vega-64LC (Liquid Cooled),42,101,3866,11767%
GPU,GV-RXVEGA64X W-8GD-B,AMD,Gigabyte RX Vega 64 8GB LC,42,101,3866,11767%
GPU,21275-00-40G,AMD,Sapphire RX Vega 64 8GB LC,42,101,3866,11767%
GPU,RX-VEGMXWFXW,AMD,XFX RX Vega 64 8GB LC,42,101,3866,11767%
GPU,,Nvidia,RTX 2060S (Super),43,99.2,295076,11379%
GPU,GV-N206SGAMING OC-8GC,Gigabyte,Gigabyte RTX 2060 Super 8GB Gaming,43,99.2,295076,11379%
GPU,08G-P4-3163-KR,EVGA,EVGA RTX 2060 Super 8GB SC XC Ultra Gaming,43,99.2,295076,11379%
GPU,RTX 2060 Super Gaming X,MSI,MSI RTX 2060 Super 8GB Gaming X,43,99.2,295076,11379%
GPU,GV-N206SWF2OC-8GD,Gigabyte,Gigabyte RTX 2060 Super 8GB Windforce OC,43,99.2,295076,11379%
GPU,GV-N206SAORUS-8GC,Gigabyte,Gigabyte RTX 2060 Super 8GB Aorus,43,99.2,295076,11379%
GPU,08G-P4-3062-KR,EVGA,EVGA RTX 2060 8GB Super SC Black,43,99.2,295076,11379%
GPU,08G-P4-3067,EVGA,EVGA RTX 2060 Super 8GB SC Ultra Gaming,43,99.2,295076,11379%
GPU,ZT-T20610E-10M,Zotac,Zotac RTX 2060 Super 8GB Mini Gaming,43,99.2,295076,11379%
GPU,,AMD,RX 6700,44,99,1184,11336%
GPU,,Nvidia,RTX 3060,45,98.3,232735,11185%
GPU,GV-N3060EAGLE OC-12GD REV2.0,Gigabyte,Gigabyte RTX 3060 12GB Eagle OC,45,98.3,232735,11185%
GPU,ZT-A30600H-10M,Zotac,Zotac RTX 3060 12GB Twin Edge OC,45,98.3,232735,11185%
GPU,GV-N3060GAMING OC-12GD REV2.0,Gigabyte,Gigabyte RTX 3060 12GB Gaming OC,45,98.3,232735,11185%
GPU,12G-P5-3657-KR,EVGA,EVGA RTX 3060 12GB XC Gaming,45,98.3,232735,11185%
GPU,TUF-RTX3060-O12G-V2-GAMING,Asus,Asus RTX 3060 12GB Tuf OC,45,98.3,232735,11185%
GPU,,Nvidia,GTX 1080 (Mobile),46,98,14090,11121%
GPU,,Nvidia,GTX 1070-Ti,47,96.3,361611,10754%
GPU,ROG-STRIX-GTX1070TI-A8G-GAMING,Asus,Asus GTX 1070 Ti 8GB STRIX,47,96.3,361611,10754%
GPU,GTX 1070 TI GAMING 8G,MSI,MSI GTX 1070 Ti 8GB Gaming,47,96.3,361611,10754%
GPU,08G-P4-5671-KR,EVGA,EVGA GTX 1070 Ti 8GB SC GAMING,47,96.3,361611,10754%
GPU,GV-N107TGAMING OC-8GD,Gigabyte,Gigabyte GTX 1070 Ti 8GB Gaming OC,47,96.3,361611,10754%
GPU,GTX 1070 TI AERO 8G,MSI,MSI GTX 1070 Ti 8GB Aero,47,96.3,361611,10754%
GPU,ROG-STRIX-GTX1070TI-8G-GAMING,Asus,Asus GTX 1070 Ti 8GB ROG Strix Gaming,47,96.3,361611,10754%
GPU,08G-P4-6775-KR,EVGA,EVGA GTX 1070 Ti 8GB FTW2 GAMING,47,96.3,361611,10754%
GPU,GV-N107TGAMING-8GD,Gigabyte,Gigabyte GTX 1070 Ti 8GB Gaming,47,96.3,361611,10754%
GPU,08G-P4-6678-KR,EVGA,EVGA GTX 1070 Ti 8GB FTW ULTRA SILENT GAMING,47,96.3,361611,10754%
GPU,GTX 1070 TI TITANIUM 8G,MSI,MSI GTX 1070 Ti 8GB TITANIUM,47,96.3,361611,10754%
GPU,,AMD,RX 5700-XT,48,96.3,82715,10754%
GPU,AXRX 5700XT 8GBD6-M3DH,AMD,PowerColor RX 5700 XT 8GB,48,96.3,82715,10754%
GPU,21293-01-40G,AMD,Sapphire RX 5700 XT 8GB,48,96.3,82715,10754%
GPU,RX-57XT8MFD6,AMD,XFX RX 5700 XT 8GB,48,96.3,82715,10754%
GPU,Radeon RX 5700 XT 8G,AMD,MSI RX 5700 XT 8GB Gaming,48,96.3,82715,10754%
GPU,RX5700XT-8G,AMD,Asus RX 5700 XT 8GB,48,96.3,82715,10754%
GPU,GV-R57XT-8GD-B,AMD,Gigabyte RX 5700 XT 8GB,48,96.3,82715,10754%
GPU,11293-01-20G,Sapphire,Sapphire RX 5700 XT 8GB Pulse,48,96.3,82715,10754%
GPU,AXRX 5700XT 8GBD6-3DHE/OC,PowerColor,PowerColor RX 5700 XT 8GB Red Devil,48,96.3,82715,10754%
GPU,AXRX 5700XT 8GBD6-3DHR/OC,PowerColor,PowerColor RX 5700 XT 8GB Red Dragon,48,96.3,82715,10754%
GPU,11293-03-40G,Sapphire,Sapphire RX 5700 XT 8GB Nitro+,48,96.3,82715,10754%
GPU,11293-01-20G,Sapphire,Sapphire RX 5700 XT 8GB Pulse,48,96.3,82715,10754%
GPU,GV-R57XTGAMING OC-8GD,Gigabyte,Gigabyte RX 5700 XT 8GB Gaming OC,48,96.3,82715,10754%
GPU,Rx-57XT8TBD8,XFX,XFX RX 5700 XT 8GB Thicc III Ultra,48,96.3,82715,10754%
GPU,RX-57XT8TFD8,XFX,XFX RX 5700 XT 8GB Thicc III,48,96.3,82715,10754%
GPU,TUF-3-RX5700XT-O8G-EVO-GAMING,Asus,Asus RX 5700 XT 8GB TUF Gaming 3,48,96.3,82715,10754%
GPU,ROG-STRIX-RX5700XT-O8G-GAMING,Asus,Asus RX 5700 XT 8GB ROG Strix ,48,96.3,82715,10754%
GPU,,AMD,RX 6650-XT,49,95.9,809,10668%
GPU,,Nvidia,Quadro RTX 4000,50,94.7,8852,10409%
GPU,,AMD,RX Vega-64,51,94.6,86469,10388%
GPU,GV-RXVEGA64-8GD-B,AMD,Gigabyte RX Vega 64 8GB,51,94.6,86469,10388%
GPU,RX-VEGMTBFX6,AMD,XFX RX Vega 64 8GB,51,94.6,86469,10388%
GPU,21275-02-20G,AMD,Sapphire RX Vega 64 8GB,51,94.6,86469,10388%
GPU,ROG-STRIX-RXVEGA64-O8G-GAMING,Asus,Asus RX Vega 64 8GB ROG Strix Gaming,51,94.6,86469,10388%
GPU,GV-RXVEGA64GAMING OC-8GD,Gigabyte,Gigabyte RX Vega 64 8GB Gaming OC,51,94.6,86469,10388%
GPU,RX VEGA 64 AIR BOOST 8G OC,MSI,MSI RX Vega 64 8GB Gaming Air Boost,51,94.6,86469,10388%
GPU,,AMD,RX 6600-XT,52,94.6,11464,10388%
GPU,‎90-GA2TZZ-00UANF,ASRock,ASRock RX 6600 XT 8GB Challenger D OC,52,94.6,11464,10388%
GPU,DUAL-RX6600XT-O8G,Asus,Asus RX 6600 XT 8GB Dual,52,94.6,11464,10388%
GPU,RX-66XT8DFDQ,XFX,XFX RX 6600 XT 8GB Speedster SWFT 210,52,94.6,11464,10388%
GPU,GV-R66XTGAMINGOC PRO-8GD,Gigabyte,Gigabyte RX 6600 XT 8GB Gaming OC Pro,52,94.6,11464,10388%
GPU,Radeon RX 6600 XT GAMING X 8G,MSI,MSI RX 6600 XT 8GB Gaming X,52,94.6,11464,10388%
GPU,RX 6600 XT MECH 2X 8G OC,MSI,MSI RX 6600 XT 8GB Mech 2X OC,52,94.6,11464,10388%
GPU,‎AXRX 6600XT 8GBD6-3DH,PowerColor,PowerColor RX 6600 XT 8GB Fighter,52,94.6,11464,10388%
GPU,11309-03-20G,Sapphire,Sapphire RX 6600 XT 8GB Pulse,52,94.6,11464,10388%
GPU,,Nvidia,RTX 2070S (Super Mobile),53,94.4,6765,10345%
GPU,,Nvidia,RTX 2080S (Super Mobile Max-Q),54,94.2,3834,10302%
GPU,,Intel,Arc A770,55,93.2,196,10086%
GPU,,Nvidia,Quadro P5000,56,92.2,7677,9871%
GPU,,AMD,Vega Frontier Edition,57,91.6,1887,9741%
GPU,100-506061,AMD,Radeon Vega Frontier Edition Air,57,91.6,1887,9741%
GPU,,Nvidia,RTX 2070 (Mobile),58,89.9,22308,9375%
GPU,,Nvidia,RTX 2080 (Mobile Max-Q),59,89.5,7485,9289%
GPU,,Nvidia,RTX 2060,60,88.6,653453,9095%
GPU,RTX 2060 VENTUS 6G OC,MSI,MSI RTX 2060 6GB Ventus,60,88.6,653453,9095%
GPU,ZT-T20600F-10M,Zotac,Zotac RTX 2060 6GB Twin,60,88.6,653453,9095%
GPU,GV-N2060GAMING OC-6GD,Gigabyte,Gigabyte RTX 2060 6GB Gaming OC,60,88.6,653453,9095%
GPU,06G-P4-2167-KR,EVGA,EVGA RTX 2060 6GB XC Ultra Gaming,60,88.6,653453,9095%
GPU,GV-N2060WF2OC-6GD,Gigabyte,Gigabyte RTX 2060 6GB Windforce OC,60,88.6,653453,9095%
GPU,RTX 2060 Gaming Z 6G,MSI,MSI RTX 2060 6GB Gaming Z,60,88.6,653453,9095%
GPU,ROG-STRIX-RTX2060-O6G-GAMING,Asus,Asus RTX 2060 6GB ROG STRIX,60,88.6,653453,9095%
GPU,GV-N2060GAMINGOC PRO-6GD,Gigabyte,Gigabyte RTX 2060 6GB Gaming OC Pro ,60,88.6,653453,9095%
GPU,06G-P4-2060-KR,EVGA,EVGA RTX 2060 6GB Gaming,60,88.6,653453,9095%
GPU,06G-P4-2068-KR,EVGA,EVGA RTX 2060 KO 6GB Ultra Gaming,60,88.6,653453,9095%
GPU,06G-P4-2066-KR,EVGA,EVGA RTX 2060 KO 6GB Gaming,60,88.6,653453,9095%
GPU,RTX 2060 VENTUS XS 6G OC,MSI,MSI RTX 2060 6GB Ventus XS,60,88.6,653453,9095%
GPU,,Nvidia,RTX 3060 (Laptop),61,88.6,62203,9095%
GPU,,Intel,Arc A750,62,84.9,66,8297%
GPU,,AMD,RX 5700,63,84.6,27396,8233%
GPU,AXRX 5700 8GBD6-M3DH,AMD,PowerColor RX 5700 8GB,63,84.6,27396,8233%
GPU,21294-01-20G,AMD,Sapphire RX 5700 8GB,63,84.6,27396,8233%
GPU,RX-57XL8MFG6,AMD,XFX RX 5700 8GB,63,84.6,27396,8233%
GPU,R5700XT8,AMD,MSI RX 5700 8GB,63,84.6,27396,8233%
GPU,11294-01-20G,Sapphire,Sapphire RX 5700 8GB Pulse,63,84.6,27396,8233%
GPU,R5700MHC,MSI,MSI RX 5700 8GB Mech,63,84.6,27396,8233%
GPU,11294-01-20G,Sapphire,Sapphire RX 5700 8GB Pulse,63,84.6,27396,8233%
GPU,AXRX 5700 8GBD6-3DHE/OC,PowerColor,PowerColor RX 5700 8GB Red Devil,63,84.6,27396,8233%
GPU,RX-57XL8LBD6,XFX,XFX RX 5700 8GB DD Ultra,63,84.6,27396,8233%
GPU,GV-R57GAMING OC-8GD,Gigabyte,Gigabyte RX 5700 8GB Gaming OC,63,84.6,27396,8233%
GPU,RX 5700 Evoke OC,MSI,MSI RX 5700 8GB Evoke OC,63,84.6,27396,8233%
GPU,,Nvidia,RTX 2070S (Super Mobile Max-Q),64,83.8,3516,8060%
GPU,,AMD,RX Vega-56,65,82.2,100910,7716%
GPU,21276-00-20G,AMD,Sapphire RX Vega 56 8GB,65,82.2,100910,7716%
GPU,RX-VEGMLBFX6,AMD,XFX RX Vega 56 8GB,65,82.2,100910,7716%
GPU,GV-RXVEGA56-8GD-B,AMD,Gigabyte RX Vega 56 8GB,65,82.2,100910,7716%
GPU,RX Vega 56 Air Boost 8G OC,MSI,MSI RX Vega 56 8GB Gaming Air Boost,65,82.2,100910,7716%
GPU,GV-RXVEGA56GAMING OC-8GD,Gigabyte,Gigabyte RX Vega 56 8GB OC,65,82.2,100910,7716%
GPU,11276-02-40G,Sapphire,Sapphire RX Vega 56 8GB Pulse,65,82.2,100910,7716%
GPU,90-GA0900-00UANF,ASRock,ASRock RX Vega 56 8GB Phantom Gaming X,65,82.2,100910,7716%
GPU,,AMD,RX 6700M,66,80.9,81,7435%
GPU,,AMD,RX 5600-XT,67,80.3,26326,7306%
GPU,11296-01-20G,Sapphire,Sapphire RX 5600 XT 6GB Pulse,67,80.3,26326,7306%
GPU,AXRX 5600XT 6GBD6-3DHE/OC,PowerColor,PowerColor RX 5600 XT 6GB Red Devil,67,80.3,26326,7306%
GPU,RX-56XT6DFD6,XFX,XFX RX 5600 XT 6GB Thicc II PRO,67,80.3,26326,7306%
GPU,RX-56XT6DF46,XFX,XFX RX 5600 XT 6GB Thicc II PRO,67,80.3,26326,7306%
GPU,GV-R56XTGAMING OC-6GD,Gigabyte,Gigabyte RX 5600 XT 6GB Gaming OC,67,80.3,26326,7306%
GPU,GV-R56XTWF2OC-6GD,Gigabyte,Gigabyte RX 5600 XT 6GB Windforce OC,67,80.3,26326,7306%
GPU,Radeon RX 5600 XT GAMING MX,MSI,MSI RX 5600 XT 6GB Gaming MX,67,80.3,26326,7306%
GPU,,Nvidia,GTX 980-Ti,68,79.9,218447,7220%
GPU,06G-P4-4995-KR,EVGA,EVGA GTX 980 Ti 6GB ACX SC+ ACX 2.0+ w/BP,68,79.9,218447,7220%
GPU,06G-P4-4992-KR,EVGA,EVGA GTX 980 Ti 6GB SC,68,79.9,218447,7220%
GPU,GTX980TI-6GD5,Asus,ASUS GTX 980 Ti 6GB,68,79.9,218447,7220%
GPU,GTX 980TI GAMING 6G,MSI,MSI GTX 980 Ti 6GB Gaming,68,79.9,218447,7220%
GPU,GV-N98TG1 GAMING-6GD,Gigabyte,Gigabyte GTX 980 Ti 6GB GV-N98TG1,68,79.9,218447,7220%
GPU,GV-N98TWF3OC-6GD,Gigabyte,Gigabyte GTX 980 Ti 6GB Windforce 3X OC,68,79.9,218447,7220%
GPU,GTX 980Ti GAMING 6G GOLDEN EDITION,MSI,MSI GTX 980 TI 6GB OC GOLDEN LE,68,79.9,218447,7220%
GPU,06G-P4-0998-KR,EVGA,EVGA GTX 980 Ti 6GB Classified Gaming ACX 2.0+,68,79.9,218447,7220%
GPU,,Nvidia,GTX 1070,69,79.8,1286823,7198%
GPU,GTX1070-8G,Asus,ASUS GTX 1070 8GB Founders Edition,69,79.8,1286823,7198%
GPU,ZT-P10700A-10P,Nvidia,ZOTAC GTX 1070 8GB Founders Edition ,69,79.8,1286823,7198%
GPU,VCGGTX10708PB-CG,Nvidia,PNY GTX 1070 8GB Founders Edition,69,79.8,1286823,7198%
GPU,GV-N1070D5-8GD-B,Nvidia,Gigabyte GTX 1070 8GB Founders Edition,69,79.8,1286823,7198%
GPU,MSI GeForce GTX 1070 Founders Edition,Nvidia,MSI GTX 1070 Founders Edition,69,79.8,1286823,7198%
GPU,08G-P4-6170-KR,EVGA,EVGA GTX 1070 8GB Founders Edition,69,79.8,1286823,7198%
GPU,GeForce GTX 1070 GAMING X 8G,MSI,MSI GTX 1070 8GB GAMING X,69,79.8,1286823,7198%
GPU,GTX 1070 GAMING X 8G,MSI,MSI GTX 1070 8GB GAMING X,69,79.8,1286823,7198%
GPU,GV-N1070G1 GAMING-8GD,Gigabyte,Gigabyte GTX 1070 8GB G1 Gaming,69,79.8,1286823,7198%
GPU,GeForce GTX 1070 ARMOR 8G OC,MSI,MSI GTX 1070 8GB ARMOR OC,69,79.8,1286823,7198%
GPU,08G-P4-6173-KR,EVGA,EVGA GTX 1070 8GB SC GAMING,69,79.8,1286823,7198%
GPU,STRIX-GTX1070-O8G-GAMING,Asus,Asus GTX 1070 8GB STRIX OC,69,79.8,1286823,7198%
GPU,08G-P4-6276-KR,EVGA,EVGA GTX 1070 8GB FTW Gaming,69,79.8,1286823,7198%
GPU,STRIX-GTX1070-8G-GAMING,Asus,Asus GTX 1070 8GB STRIX,69,79.8,1286823,7198%
GPU,ZT-P10700B-10P,Zotac,Zotac GTX 1070 8GB AMP! Extreme,69,79.8,1286823,7198%
GPU,GV-N1070WF2OC-8GD,Gigabyte,Gigabyte GTX 1070 8GB Windforce OC,69,79.8,1286823,7198%
GPU,GeForce GTX 1070 GAMING 8G,MSI,MSI GTX 1070 8GB Gaming,69,79.8,1286823,7198%
GPU,DUAL-GTX1070-O8G,Asus,Asus GTX 1070 8GB Dual OC,69,79.8,1286823,7198%
GPU,08G-P4-5173-KR,EVGA,EVGA GTX 1070 8GB SC Gaming ACX 3.0,69,79.8,1286823,7198%
GPU,08G-P4-6171-KR,EVGA,EVGA GTX 1070 8GB Gaming ACX 3.0,69,79.8,1286823,7198%
GPU,08G-P4-6274-KR,EVGA,EVGA GTX 1070 8GB FTW DT Gaming,69,79.8,1286823,7198%
GPU,426018336-3682,Gainward,Gainward GTX 1070 8GB Phoenix GS,69,79.8,1286823,7198%
GPU,GV-N1070XTREME-8GD,Gigabyte,Gigabyte GTX 1070 8GB XTREME,69,79.8,1286823,7198%
GPU,TURBO-GTX1070-8G,Asus,Asus GTX 1070 8GB Turbo,69,79.8,1286823,7198%
GPU,GeForce GTX 1070 SEA HAWK X,MSI,MSI GTX 1070 8GB SEA HAWK X,69,79.8,1286823,7198%
GPU,GV-N1070IXOC-8GD,Gigabyte,Gigabyte GTX 1070 8GB Mini ITX OC,69,79.8,1286823,7198%
GPU,08G-P4-6676-KR,EVGA,EVGA GTX 1070 8GB FTW2,69,79.8,1286823,7198%
GPU,,Nvidia,RTX 2070 (Mobile Max-Q),70,78.6,9581,6940%
GPU,,Nvidia,GTX 1080 (Mobile Max-Q),71,78.1,3126,6832%
GPU,,Nvidia,GTX Titan X,72,76.9,18905,6573%
GPU,12G-P4-2992-KR,EVGA,EVGA GTX TITAN X 12GB SC,72,76.9,18905,6573%
GPU,GTXTITANX-12GD5,Asus,ASUS GTX TITAN X 12GB,72,76.9,18905,6573%
GPU,12G-P4-2990-KR,EVGA,EVGA GTX TITAN X 12GB,72,76.9,18905,6573%
GPU,,Nvidia,GTX 1660-Ti,73,76.2,320515,6422%
GPU,GTX 1660 TI VENTUS XS 6G OC,MSI,MSI GTX 1660 Ti 6GB Ventus XS OC,73,76.2,320515,6422%
GPU,06G-P4-1261-KR,EVGA,EVGA GTX 1660 Ti 6GB Black Gaming,73,76.2,320515,6422%
GPU,GTX 1660 TI GAMING X 6G,MSI,MSI GTX 1660 Ti 6GB Gaming X,73,76.2,320515,6422%
GPU,DUAL-GTX1660TI-O6G,Asus,Asus GTX 1660 Ti 6GB Dual,73,76.2,320515,6422%
GPU,06G-P4-1263-KR,EVGA,EVGA GTX 1660 Ti 6GB XC Gaming,73,76.2,320515,6422%
GPU,GV-N166TWF2OC-6GD,Gigabyte,Gigabyte GTX 1660 Ti 6GB Windforce OC,73,76.2,320515,6422%
GPU,GV-N166TOC-6GD,Gigabyte,Gigabyte GTX 1660 Ti 6GB OC,73,76.2,320515,6422%
GPU,PH-GTX1660TI-O6G,Asus,Asus GTX 1660 Ti 6GB Phoenix,73,76.2,320515,6422%
GPU,,AMD,RX 6600,74,75.8,19436,6336%
GPU,DUAL-RX6600-8G,Asus,Asus RX 6600 8GB Dual,74,75.8,19436,6336%
GPU,RX-66XL8LFDQ,XFX,XFX RX 6600 8GB Speedster SWFT 210,74,75.8,19436,6336%
GPU,GV-R66EAGLE-8GD,Gigabyte,Gigabyte RX 6600 8GB Eagle,74,75.8,19436,6336%
GPU,RX 6600 MECH 2X 8G,MSI,MSI RX 6600 8GB Mech 2X OC,74,75.8,19436,6336%
GPU,11310-01-20G,Sapphire,Sapphire RX 6600 8GB Pulse,74,75.8,19436,6336%
GPU,‎AXRX 6600 8GBD6-3DHL,PowerColor,PowerColor RX 6600 8GB Hellhound,74,75.8,19436,6336%
GPU,AXRX 6600 8GBD6-3DH,PowerColor,PowerColor RX 6600 8GB Fighter,74,75.8,19436,6336%
GPU,,Nvidia,Quadro M6000 24GB,75,75.3,336,6228%
GPU,,Nvidia,Quadro M6000,76,73.3,596,5797%
GPU,,AMD,RX 6600M,77,72.6,498,5647%
GPU,,Nvidia,RTX 3050,78,71.7,26735,5453%
GPU, ROG-STRIX-RTX3050-O8G-GAMING,Asus,Asus RTX 3050 8GB ROG Strix OC,78,71.7,26735,5453%
GPU,PH-RTX3050-8G,Asus,Asus RTX 3050 8GB Phoenix,78,71.7,26735,5453%
GPU,‎DUAL-RTX3050-O8G,Asus,Asus RTX 3050 8GB Dual OC,78,71.7,26735,5453%
GPU,‎GV-N3050GAMING OC-8GD,Gigabyte,Gigabyte RTX 3050 8GB Gaming OC,78,71.7,26735,5453%
GPU,V397-418R,MSI,MSI RTX 3050 8GB Ventus 2X OC,78,71.7,26735,5453%
GPU,08G-P5-3553-KR,EVGA,EVGA RTX 3050 8GB XC Gaming,78,71.7,26735,5453%
GPU,ZT-A30500H-10M,Zotac,Zotac RTX 3050 8GB Twin Edge OC,78,71.7,26735,5453%
GPU,V397-421R,MSI,MSI RTX 3050 8GB Gaming X,78,71.7,26735,5453%
GPU,‎GV-N3050EAGLE OC-8GD,Gigabyte,Gigabyte RTX 3050 8GB Eagle OC,78,71.7,26735,5453%
GPU,,Nvidia,GTX 1070 (Mobile),79,71.1,99495,5323%
GPU,,Nvidia,GTX 1660S (Super),80,70.5,404070,5194%
GPU,GTX 1660 Super Ventus XS OC,MSI,MSI GTX 1660 Super 6GB Ventus XS OC,80,70.5,404070,5194%
GPU,GV-N166SOC-6GD,Gigabyte,Gigabyte GTX 1660 Super 6GB OC,80,70.5,404070,5194%
GPU,06G-P4-1068-KR,EVGA,EVGA GTX 1660 Super 6GB SC Ultra Gaming,80,70.5,404070,5194%
GPU,ZT-T16620F-10L,Zotac,Zotac GTX 1660 Super 6GB Compact,80,70.5,404070,5194%
GPU,GTX 1660 Super Gaming X,MSI,MSI GTX 1660 Super 6GB Gaming X,80,70.5,404070,5194%
GPU,DUAL-GTX1660S-O6G-EVO,Asus,Asus GTX 1660 Super 6GB Dual Evo,80,70.5,404070,5194%
GPU,TUF-GTX1660S-O6G-GAMING,Asus,Asus GTX 1660 Super 6GB TUF Gaming,80,70.5,404070,5194%
GPU,,Nvidia,RTX 2060 (Mobile),81,69.2,110959,4914%
GPU,,Nvidia,GTX 1660,82,68.7,220505,4806%
GPU,GV-N1660OC-6GD,Gigabyte,Gigabyte GTX 1660 6GB OC,82,68.7,220505,4806%
GPU,06G-P4-1167-KR,EVGA,EVGA GTX 1660 6GB XC Ultra Gaming,82,68.7,220505,4806%
GPU,GTX 1660 Ventus XS 6G OC,MSI,MSI GTX 1660 6GB Ventus XS OC,82,68.7,220505,4806%
GPU,GTX 1660 Gaming X 6G,MSI,MSI GTX 1660 6GB Gaming X,82,68.7,220505,4806%
GPU,06G-P4-1161-KR,EVGA,EVGA GTX 1660 6GB XC Black,82,68.7,220505,4806%
GPU,PH-GTX1660-O6G,Asus,Asus GTX 1660 6GB Phoenix,82,68.7,220505,4806%
GPU,GV-N1660GAMING OC-6GD,Gigabyte,Gigabyte GTX 1660 6GB Gaming OC,82,68.7,220505,4806%
GPU,ZT-T16600F-10L,Zotac,Zotac GTX 1660 6GB Compact,82,68.7,220505,4806%
GPU,ZT-T16600K-10M,Zotac,Zotac GTX 1660 6GB Gaming Compact,82,68.7,220505,4806%
GPU,06G-P4-1067-KR,EVGA,EVGA GTX 1660 6GB  SC Ultra Dual,82,68.7,220505,4806%
GPU,,Nvidia,Quadro P4000,83,67,11776,4440%
GPU,,AMD,RX 6700S (Laptop),84,66.3,239,4289%
GPU,,AMD,R9 Fury-X,85,65.1,8776,4030%
GPU,R9-FURY-4QFA,AMD,XFX R9 FURY X 4GB,85,65.1,8776,4030%
GPU,21246-00-40G,AMD,Sapphire R9 Fury X 4GB ,85,65.1,8776,4030%
GPU,GV-R9FURYX-4GD-B,AMD,Gigabyte R9 Fury X 4GB,85,65.1,8776,4030%
GPU,,Nvidia,Quadro P5000-M (Mobile),86,65,646,4009%
GPU,,Nvidia,GTX 1660-Ti (Mobile),87,64.5,77861,3901%
GPU,,AMD,R9 Fury,88,62.9,16988,3556%
GPU,11247-00-40G,Sapphire,Sapphire R9 Fury 4GB TRI-X OC,88,62.9,16988,3556%
GPU,100379NTOC+SR,Sapphire,Sapphire R9 Fury 4GB TRI-X OC,88,62.9,16988,3556%
GPU,STRIX-R9FURY-DC3-4G-GAMING,Asus,Asus R9 Fury 4GB Gaming,88,62.9,16988,3556%
GPU,R9-FURY-4TF9,XFX,XFX R9 Fury 4GB,88,62.9,16988,3556%
GPU,11247-03-40G,Sapphire,Sapphire R9 Fury 4GB NITRO,88,62.9,16988,3556%
GPU,,Nvidia,GTX 980,89,60.6,170996,3060%
GPU,04G-P4-2983-KR,EVGA,EVGA GTX 980 4GB SC ACX 2.0,89,60.6,170996,3060%
GPU,GTX 980 GAMING 4G,MSI,MSI GTX 980 4GB GAMING,89,60.6,170996,3060%
GPU,STRIX-GTX980-DC2OC-4GD5,Asus,ASUS GTX 980 4GB STRIX OC,89,60.6,170996,3060%
GPU,,Nvidia,GTX 1070 (Mobile Max-Q),90,60.2,8182,2974%
GPU,,AMD,RX 590,91,60,119752,2931%
GPU,RX-590P8DFD6,XFX,XFX RX 590 8GB Fatboy OC+,91,60,119752,2931%
GPU,11289-01-20G,Sapphire,Sapphire RX 590 8GB Nitro+,91,60,119752,2931%
GPU,AXRX 590 8GBD5-DHD,PowerColor,PowerColor RX 590 8GB Red Dragon,91,60,119752,2931%
GPU,AXRX 590 8GBD5-3DH/OC,PowerColor,PowerColor RX 590 8GB Red Devil,91,60,119752,2931%
GPU,RADEON RX 590 ARMOR 8G OC,MSI,MSI RX 590 8GB Armor OC,91,60,119752,2931%
GPU,GV-RX590GAMING-8GD,Gigabyte,Gigabyte RX 590 8GB Gaming,91,60,119752,2931%
GPU,11289-06-20G,Sapphire,Sapphire RX 590 8GB Pulse,91,60,119752,2931%
GPU,,Nvidia,GTX 1650S (Super),92,59.7,162472,2866%
GPU,ZT-T16510F-10L,Zotac,Zotac GTX 1650 Super 4GB Gaming,92,59.7,162472,2866%
GPU,TUF-GTX1650S-O4G-GAMING,Asus,Asus GTX 1650 Super 4GB TUF Gaming,92,59.7,162472,2866%
GPU,04G-P4-1357-KR,EVGA,EVGA GTX 1650 Super 4GB SC Ultra,92,59.7,162472,2866%
GPU,GTX 1650 Super Ventus XS OC,MSI,MSI GTX 1650 Super 4GB Ventus XS,92,59.7,162472,2866%
GPU,GV-N165SWF2OC-4GD,Gigabyte,Gigabyte GTX 1650 Super 4GB 2x Windforce,92,59.7,162472,2866%
GPU,GTX 1650 Super Gaming X,MSI,MSI GTX 1650 Super 4GB Gaming X,92,59.7,162472,2866%
GPU,PH-GTX1650S-O4G,Asus,Asus GTX 1650 Super 4GB Phoenix,92,59.7,162472,2866%
GPU,,Nvidia,RTX 3050-Ti (Laptop),93,58.5,14683,2608%
GPU,,Nvidia,GTX Titan Z (SLI Disabled),94,57.7,566,2435%
GPU,,Nvidia,GTX 1060-6GB,95,57,1387999,2284%
GPU,06G-P4-6161-KR,EVGA,EVGA GTX 1060 6GB Gaming,95,57,1387999,2284%
GPU,06G-P4-6163-KR,EVGA,EVGA GTX 1060 6GB Gaming SC,95,57,1387999,2284%
GPU,GV-N1060G1GAMING-6GD,Gigabyte,Gigabyte GTX 1060 6GB G1 Gaming,95,57,1387999,2284%
GPU,ZT-P10600B-10M,Zotac,Zotac GTX 1060 6GB AMP,95,57,1387999,2284%
GPU,ZT-P10600A-10L,Zotac,Zotac GTX 1060 6GB Mini,95,57,1387999,2284%
GPU,GeForce GTX 1060 GAMING X 6G,MSI,MSI GTX 1060 6GB Gaming X,95,57,1387999,2284%
GPU,DUAL-GTX1060-O6G,Asus,Asus GTX 1060 6GB Dual OC,95,57,1387999,2284%
GPU,GV-N1060WF2OC-6GD,Gigabyte,Gigabyte GTX 1060 6GB Windforce OC,95,57,1387999,2284%
GPU,STRIX-GTX1060-O6G-GAMING,Asus,Asus GTX 1060 6GB ROG STRIX OC,95,57,1387999,2284%
GPU,TURBO-GTX1060-6G,Asus,Asus GTX 1060 6GB TURBO,95,57,1387999,2284%
GPU,426018336-3736,Gainward, Gainward GTX 1060 6GB Pheonix GS,95,57,1387999,2284%
GPU,GeForce GTX 1060 ARMOR 6G OC,MSI,MSI GTX 1060 6G Armor OC,95,57,1387999,2284%
GPU,GTX 1060 ARMOR 6G OCV1,MSI,MSI GTX 1060 6G Armor OCV1,95,57,1387999,2284%
GPU,STRIX-GTX1060-6G-GAMING,Asus,Asus GTX 1060 6GB ROG STRIX,95,57,1387999,2284%
GPU,VCGGTX10606PB,PNY,PNY GTX 1060 6GB,95,57,1387999,2284%
GPU,VCGGTX10606XGPB-OC,PNY,PNY GTX 1060 6GB OC,95,57,1387999,2284%
GPU,GV-N1060XTREME-6GD,Gigabyte,Gigabyte GTX 1060 6GB Xtreme Gaming,95,57,1387999,2284%
GPU,06G-P4-6267-KR,EVGA,EVGA GTX 1060 6GB Gaming SSC,95,57,1387999,2284%
GPU,GV-N1060G1GAM-6GD R2,Gigabyte,Gigabyte GTX 1060 6GB G1 Gaming R2,95,57,1387999,2284%
GPU,GeForce GTX 1060 6GT,MSI,MSI GTX 1060 6GB 6GT OCV1,95,57,1387999,2284%
GPU,GTX 1060 GAMING 6G,MSI,MSI GTX 1060 6GB Gaming,95,57,1387999,2284%
GPU,DUAL-GTX1060-O6G,Asus,Asus GTX 1060 6GB Dual OC,95,57,1387999,2284%
GPU,,Nvidia,GTX 1660-Ti (Mobile Max-Q),96,56.8,13791,2241%
GPU,,Nvidia,GTX 780-Ti,97,55.4,32587,1940%
GPU,,AMD,R9 Nano,98,55.3,494,1918%
GPU,R9NANO-4GB,Asus,Asus R9 Nano 4GB,98,55.3,494,1918%
GPU,R9NANO-4G-WHITE,Asus,Asus R9 Nano 4GB White,98,55.3,494,1918%
GPU,GV-R9NANO-4GD-B,Gigabyte,Gigabyte R9 Nano 4GB,98,55.3,494,1918%
GPU,,AMD,R9 390X,99,55,25249,1853%
GPU,R9 390X GAMING 8G,MSI,MSI R9 390X 8GB Gaming,99,55,25249,1853%
GPU,11241-00-20G,Sapphire,Sapphire R9 390X 8GB TRIPLE Tri-X OC,99,55,25249,1853%
GPU,GV-R939XG1 GAMING-8GD,Gigabyte,Gigabyte R9 390X 8GB G1 Gaming,99,55,25249,1853%
GPU,R9-390X-F28M,XFX,XFX R9 390X 8GB Double Dissipation,99,55,25249,1853%
GPU,,AMD,RX 580,100,54.7,853084,1789%
GPU,RX 580 GAMING X 8G,MSI,MSI RX 580 8GB Gaming X,100,54.7,853084,1789%
GPU,RX 580 GAMING X 4G,MSI,MSI RX 580 4GB Gaming X,100,54.7,853084,1789%
GPU,GV-RX580XTRAORUS-8GD,Gigabyte,Gigabyte RX 580 8GB AORUS XTR,100,54.7,853084,1789%
GPU,RX 580 ARMOR 8G OC,MSI,MSI RX 580  8GB Armor OC,100,54.7,853084,1789%
GPU,RX 580 ARMOR 4G OC,MSI,MSI RX 580  4GB Armor OC,100,54.7,853084,1789%
GPU,ROG-STRIX-RX580-O8G-GAMING,Asus,Asus RX 580 8GB ROG Strix,100,54.7,853084,1789%
GPU,GV-RX580GAMING-8GD,Gigabyte,Gigabyte RX 580 8GB Gaming,100,54.7,853084,1789%
GPU,GV-RX580AORUS-8GD,Gigabyte,Gigabyte RX 580 8GB AORUS,100,54.7,853084,1789%
GPU,11265-05-20G,Sapphire,Sapphire RX 580 8GB Pulse,100,54.7,853084,1789%
GPU,RX-580P4DFD6,XFX,XFX RX 580 4GB OC+,100,54.7,853084,1789%
GPU,RX-580P8DFD6,XFX,XFX RX 580 8GB OC+,100,54.7,853084,1789%
GPU,RX-580P8DBD6,XFX,XFX RX 580 8GB Black OC+,100,54.7,853084,1789%
GPU,RX-580P8DFD6,XFX,XFX RX 580 8GB GTS XXX,100,54.7,853084,1789%
GPU,AXRX 580 8GBD5-3DHDV2/OC,PowerColor,PowerColor RX 580 8GB Red Dragon V2,100,54.7,853084,1789%
GPU,11265-01-20G,Sapphire,Sapphire RX 580 8GB Pulse Nitro+ RX,100,54.7,853084,1789%
GPU,DUAL RX 580 4GB OC,Asus,Asus RX 580 4GB Dual OC,100,54.7,853084,1789%
GPU,,Nvidia,RTX 3050 (Laptop),101,53.7,3568,1573%
GPU,,AMD,RX 5500-XT,102,53.2,26204,1466%
GPU,RX-55XT8DFD6,XFX,XFX RX 5600 XT 8GB Thicc II PRO,102,53.2,26204,1466%
GPU,,AMD,R9 290X,103,52.7,35262,1358%
GPU,11226-00-40G,Sapphire,Sapphire R9 290X 4GB TRI-X OC,103,52.7,35262,1358%
GPU,R9290X-DC2OC-4GD5,Asus,Asus R9 290X 4GB DirectCU II,103,52.7,35262,1358%
GPU,R9290XEDFD,XFX,XFX R9 290X 4GB Double Dissipation,103,52.7,35262,1358%
GPU,,Nvidia,GTX 1060-3GB,104,52.7,586807,1358%
GPU,DUAL-GTX1060-O3G,Asus,Asus GTX 1060 3GB Dual OC,104,52.7,586807,1358%
GPU,ZT-P10610A-10L,Zotac,Zotac GTX 1060 3GB Mini,104,52.7,586807,1358%
GPU,03G-P4-6160-KR,EVGA,EVGA GTX 1060 3GB Gaming,104,52.7,586807,1358%
GPU,03G-P4-6162-KR,EVGA,EVGA GTX 1060 3GB SC Gaming,104,52.7,586807,1358%
GPU,GeForce GTX 1060 GAMING X 3G,MSI,MSI GTX 1060 3GB Gaming X,104,52.7,586807,1358%
GPU,GTX 1060 GAMING X 3G,MSI,MSI GTX 1060 3GB Gaming X,104,52.7,586807,1358%
GPU,GV-N1060WF2OC-3GD,Gigabyte,Gigabyte GTX 1060 3GB Windforce OC,104,52.7,586807,1358%
GPU,GV-N1060G1GAMING-3GD,Gigabyte,Gigabyte GTX 1060 3GB G1 Gaming,104,52.7,586807,1358%
GPU,GV-N1060IXOC-3GD,Gigabyte,Gigabyte GTX 1060 3GB Mini ITX OC,104,52.7,586807,1358%
GPU,GTX 1060 3GT OC,MSI,MSI GTX 1060 3GB 3GT OC,104,52.7,586807,1358%
GPU,GTX 1060 ARMOR 3G OCV1,MSI,MSI GTX 1060 3GB ARMOR 3G OCV1,104,52.7,586807,1358%
GPU,GV-N1060G1GAM-3GD R2,Gigabyte,Gigabyte GTX 1060 3GB G1 Gaming R2,104,52.7,586807,1358%
GPU,,Nvidia,GTX Titan Black,105,52.5,3342,1315%
GPU,,AMD,R9 295X2 (CrossFire Disabled),106,50.4,2479,862%
GPU,,Nvidia,GTX 970,107,50.2,809548,819%
GPU,GTX 970 GAMING 4G,MSI,MSI GTX 970 4GB Gaming,107,50.2,809548,819%
GPU,STRIX-GTX970-DC20C-4GD5,Asus,ASUS GTX 970 4GB STRIX OC,107,50.2,809548,819%
GPU,04G-P4-2974-KR,EVGA,EVGA GTX 970 4GB Super Clocked ACX 2.0,107,50.2,809548,819%
GPU,GV-N970G1 GAMING-4GD,Gigabyte,Gigabyte GTX 970 4GB G1 Gaming,107,50.2,809548,819%
GPU,GV-N970WF3OC-4GD,Gigabyte,Gigabyte GTX 970 4GB OC Windforce,107,50.2,809548,819%
GPU,04G-P4-3975-KR,EVGA,EVGA GTX 970 4GB SSC ACX 2.0+,107,50.2,809548,819%
GPU,TURBO-GTX970-OC-4GD5,Asus,Asus GTX 970 4GB Turbo OC,107,50.2,809548,819%
GPU,04G-P4-3978-KR,EVGA,EVGA GTX 970 4GB FTW+ GAMING ACX 2.0+ w/BP,107,50.2,809548,819%
GPU,ZT-90101-10P,Zotac,Zotac GTX 970 4GB Graphics Card,107,50.2,809548,819%
GPU,,AMD,R9 390,108,50.1,87474,797%
GPU,R9 390 GAMING 8G,MSI,MSI R9 390 8GB Gaming,108,50.1,87474,797%
GPU,R9-390P-D28M,XFX,XFX R9 390 8GB Black,108,50.1,87474,797%
GPU,R9-390P-8256,XFX,XFX R9 390 8GB Double Dissipation,108,50.1,87474,797%
GPU,R9-390P-F28M,XFX,XFX R9 390 8GB Double Dissipation,108,50.1,87474,797%
GPU,R9-390P-8DF6,XFX,XFX R9 390 8GB Black Nero,108,50.1,87474,797%
GPU,11244-01-20G,Sapphire,Sapphire R9 390 8GB Nitro Tri-X OC +BP,108,50.1,87474,797%
GPU,11244-00-20G,Sapphire,Sapphire R9 390 8GB Nitro Tri-X OC,108,50.1,87474,797%
GPU,STRIX-R9390-DC3OC-8GD5-GAMING,Asus,Asus R9 390 8GB STRIX,108,50.1,87474,797%
GPU,,AMD,RX 5500,109,49.1,291,582%
GPU,,AMD,RX 6500-XT,110,49,1029,560%
GPU,‎RX6500XT PGD 4GO,ASRock,ASRock RX 6500 XT 4GB Phantom Gaming D OC,110,49,1029,560%
GPU,RX6500XT CLI 4G,ASRock,ASRock RX 6500 XT 4GB Challenger ITX,110,49,1029,560%
GPU,TUF-RX6500XT-O4G-GAMING,Asus,Asus RX 6500 XT 4GB TUF Gaming OC,110,49,1029,560%
GPU,‎RX-65XT4DBDQ,XFX,XFX RX 6500 XT 4GB Speedster QICK210,110,49,1029,560%
GPU,GV-R65XTGAMING OC-4GD,Gigabyte,Gigabyte RX 6500 XT 4GB Gaming OC,110,49,1029,560%
GPU,GV-R65XTEAGLE-4GD,Gigabyte,Gigabyte RX 6500 XT 4GB Eagle,110,49,1029,560%
GPU,AXRX 6500XT 4GBD6-DH/OC,PowerColor,PowerColor RX 6500 XT 4GB,110,49,1029,560%
GPU,‎11314-01-20G,Sapphire,Sapphire RX 6500 XT 4GB Pulse,110,49,1029,560%
GPU,,AMD,RX 480,111,48.1,233732,366%
GPU,21260-00-20G,AMD,Sapphire RX 480 8GB,111,48.1,233732,366%
GPU,RX-480M4BFA6,AMD,XFX RX 480 4GB 1266 MHz,111,48.1,233732,366%
GPU,21260-01-20G,AMD,Sapphire RX 480 4GB,111,48.1,233732,366%
GPU,Radeon RX 480 8G,AMD,MSI RX 480 8GB,111,48.1,233732,366%
GPU,RX-480M8BBA6,XFX,XFX RX 480 8GB 1328 MHz,111,48.1,233732,366%
GPU,RX480M8BFA6,XFX,XFX RX 480 8GB 1288 MHz,111,48.1,233732,366%
GPU,RX-480P8DFA6,XFX,XFX RX 480 8GB LED 1288 MHz,111,48.1,233732,366%
GPU,RX-480P836BM,XFX,XFX RX 480 8GB XXX 1288 MHz,111,48.1,233732,366%
GPU,RX-480P8DBA6,XFX,XFX RX 480 8GB Black 1338 MHz,111,48.1,233732,366%
GPU,RX-480P4JFC6,XFX,XFX RX 480 4GB RS,111,48.1,233732,366%
GPU,RX-480P8LFB6,XFX,XFX RX 480 8GB RS XXX 1288 MHz,111,48.1,233732,366%
GPU,RX480-8G,Asus,Asus RX 480 8GB,111,48.1,233732,366%
GPU,11260-07-20G,Sapphire,Sapphire RX 480 8GB NITRO+,111,48.1,233732,366%
GPU,11260-02-20G,Sapphire,Sapphire RX 480 4GB NITRO+,111,48.1,233732,366%
GPU,100406NT+4GOCL,Sapphire,Sapphire RX 480 4GB NITRO+,111,48.1,233732,366%
GPU,11260-01-20G,Sapphire,Sapphire RX 480 8GB NITRO+,111,48.1,233732,366%
GPU,AXRX480 8GBD5-3DH/OC,PowerColor,PowerColor RX 480 8GB Red Devil,111,48.1,233732,366%
GPU,Radeon RX 480 GAMING X 8G,MSI,MSI RX 480 8GB Gaming X,111,48.1,233732,366%
GPU,Radeon RX 480 GAMING X 4G,MSI,MSI RX 480 4GB Gaming X,111,48.1,233732,366%
GPU,RX 480 ARMOR 8G OC,MSI,MSI RX 480 8GB Armor OC,111,48.1,233732,366%
GPU,RX 480 ARMOR 4G OC,MSI,MSI RX 480 4GB Armor OC,111,48.1,233732,366%
GPU,STRIX-RX480-O8G-GAMING,Asus,Asus RX 480 8GB ROG STRIX OC,111,48.1,233732,366%
GPU,,Nvidia,GTX 780,112,47.6,61284,259%
GPU,,Nvidia,GTX Titan,113,47.2,6674,172%
GPU,,AMD,R9 290,114,47.1,61915,151%
GPU,11227-13-20G,Sapphire,Sapphire R9 290 4GB TRI-X OC,114,47.1,61915,151%
GPU,R9290AEDFD,XFX,XFX R9 290 4GB Double Dissipation,114,47.1,61915,151%
GPU,R9290AEDBD,XFX,XFX R9 290 4GB Black Double Dissipation,114,47.1,61915,151%
GPU,R9 290 GAMING 4G,MSI,MSI R9 290 4GB GAMING,114,47.1,61915,151%
GPU,11227-04-40G,Sapphire,Sapphire R9 290 4GB VAPOR-X TRI-X OC,114,47.1,61915,151%
GPU,,Nvidia,GTX 780 4GB,115,46.9,971,108%
GPU,,Nvidia,GTX 1060 (Mobile),116,46.7,175892,65%
GPU,,AMD,RX 570,117,46.4,415950,0%
GPU,RX 570 ARMOR 4G OC,MSI,MSI RX 570 4G Armor OC,117,46.4,415950,0%
GPU,RX 570 GAMING X 4G,MSI,MSI RX 570 4GB Gaming X,117,46.4,415950,0%
GPU,GV-RX570GAMING-4GD,Gigabyte,Gigabyte RX 570 4GB Gaming,117,46.4,415950,0%
GPU,GV-RX570AORUS-4GD,Gigabyte,Gigabyte RX 570 4GB AORUS,117,46.4,415950,0%
GPU,RX 570 ARMOR 8G OC,MSI,MSI RX 570 8G Armor OC,117,46.4,415950,0%
GPU,ROG-STRIX-RX570-O4G-GAMING,Asus,Asus RX 570 4GB ROG Strix,117,46.4,415950,0%
GPU,AXRX 570 4GBD5-3DHD/OC,PowerColor,PowerColor RX 570 4GB Red Dragon,117,46.4,415950,0%
GPU,RX-570P4DFD6,XFX,XFX RX 570 4GB Twin,117,46.4,415950,0%
GPU,RX-570P427D6,XFX,XFX RX 570 4GB Twin,117,46.4,415950,0%
GPU,RX-570P4DFDR,XFX,XFX RX 570 4GB Twin,117,46.4,415950,0%
GPU,RX-570P8DFD6,XFX,XFX RX 570 4GB Twin XXX,117,46.4,415950,0%
GPU,,Nvidia,Quadro K6000,118,45.5,1124,-194%
GPU,,Nvidia,GTX 1060 (Mobile Max-Q),119,43.7,37938,-582%
GPU,,Nvidia,GTX 1650,120,42.9,232326,-754%
GPU,G1650VXS4C,MSI,MSI GTX 1650 4GB Ventus XS OC,120,42.9,232326,-754%
GPU,ZT-T16500F-10L,Zotac,Zotac GTX 1650 4GB OC Compact,120,42.9,232326,-754%
GPU,PH-GTX1650-O4G,Asus,Asus GTX 1650 4GB Phoenix,120,42.9,232326,-754%
GPU,GV-N1650OC-4GD,Gigabyte,Gigabyte GTX 1650 4GB OC,120,42.9,232326,-754%
GPU,GV-N1650IXOC-4GD,Gigabyte,Gigabyte GTX 1650 4GB Mini ITX OC,120,42.9,232326,-754%
GPU,04G-P4-1153-KR,EVGA,EVGA GTX 1650 4GB XC Gaming,120,42.9,232326,-754%
GPU,GTX 1650 Gaming X 4G,MSI,MSI GTX 1650 4GB Gaming X,120,42.9,232326,-754%
GPU,,AMD,Radeon Pro 5500M,121,42.6,1978,-819%
GPU,,Nvidia,GTX 1650-Ti (Mobile),122,42.3,34721,-884%
GPU,,Nvidia,GTX 1650 (Mobile),123,41.4,75743,-1078%
GPU,,Nvidia,GTX 980M,124,40.9,11961,-1185%
GPU,,AMD,RX 470,125,40.7,74730,-1228%
GPU,Radeon RX 470 GAMING X 4G,MSI,MSI RX 470 4GB Gaming X,125,40.7,74730,-1228%
GPU,Radeon RX 470 GAMING X 8G,MSI,MSI RX 470 8GB Gaming X,125,40.7,74730,-1228%
GPU,11256-02-20G,Sapphire,Sapphire RX 470 8GB NITRO+,125,40.7,74730,-1228%
GPU,11256-01-20G,Sapphire,Sapphire RX 470 4GB NITRO+,125,40.7,74730,-1228%
GPU,11256-00-20G,Sapphire,Sapphire RX 470 4GB,125,40.7,74730,-1228%
GPU,100407-4GOCL,Sapphire,Sapphire RX 470 4GB,125,40.7,74730,-1228%
GPU,STRIX-RX470-O4G-GAMING,Asus,Asus RX 470 4GB ROG STRIX OC,125,40.7,74730,-1228%
GPU,GV-RX470G1 GAMING-4GD,Gigabyte,Gigabyte RX 470 4GB G1 Gaming,125,40.7,74730,-1228%
GPU,AXRX 470 4GBD5-3DH/OC,PowerColor,PowerColor RX 470 4GB Red Devil/Dragon,125,40.7,74730,-1228%
GPU,HS-470R4LCNR/HS-470R4LTNR,PwrHis,HIS RX 470 4GB IceQ X² OC,125,40.7,74730,-1228%
GPU,RX-470P4SFD5,XFX,XFX RX 470 4GB Single Fan,125,40.7,74730,-1228%
GPU,RX-470P4LFB6,XFX,XFX RX 470 4GB Black,125,40.7,74730,-1228%
GPU,Radeon RX 470 ARMOR 4G OC,MSI,MSI RX 470 4GB ARMOR OC,125,40.7,74730,-1228%
GPU,,Nvidia,Quadro P2000,126,40.5,12915,-1272%
GPU,,AMD,HD 7970,127,39.6,6473,-1466%
GPU,,AMD,R9 380X,128,39.4,20140,-1509%
GPU,R9-380X-F24M,XFX,XFX R9 380X 4GB Black DD XXX OC,128,39.4,20140,-1509%
GPU,11250-01-20G,Sapphire,Sapphire R9 380X 4GB Nitro Dual-X OC,128,39.4,20140,-1509%
GPU,GV-R938XG1 GAMING-4GD,Gigabyte,Gigabyte R9 380X 4GB Gaming,128,39.4,20140,-1509%
GPU,AXR9 280X 3GBD5-T2DHE/OC,PowerColor,PowerColor R9 280X 3GB OC,128,39.4,20140,-1509%
GPU,,Nvidia,Quadro P3000,129,38.8,1116,-1638%
GPU,,Nvidia,GeForce GTX 690 (SLI Disabled),130,38.8,5473,-1638%
GPU,,AMD,R9 280X,131,37.6,99661,-1897%
GPU,11221-00-20G,Sapphire,Sapphire R9 280X 3GB Dual-X OC,131,37.6,99661,-1897%
GPU,11221-20-20G,Sapphire,Sapphire R9 280X 3GB VAPOR-X,131,37.6,99661,-1897%
GPU,11221-01-40G,Sapphire,Sapphire R9 280X 3GB TOXIC,131,37.6,99661,-1897%
GPU,GV-R928XOC-3GD REV3,Gigabyte,Gigabyte R9 280X 3GB WINDFORCE OC REV3,131,37.6,99661,-1897%
GPU,,AMD,FirePro W9000,132,36.6,75,-2112%
GPU,,Nvidia,GTX 770,133,36.4,120275,-2155%
GPU,,Nvidia,GTX 1650 (Mobile Max-Q),134,36.2,6601,-2198%
GPU,,Intel,Arc A380,135,36.2,75,-2198%
GPU,,AMD,HD 7990 (CrossFire Disabled),136,36,1154,-2241%
GPU,,AMD,Radeon RX Vega M GH,137,35.9,3149,-2263%
GPU,,AMD,Radeon Pro 5300M,138,35.9,957,-2263%
GPU,,AMD,RX 6400,139,35,464,-2457%
GPU,,AMD,R9 380,140,34.4,75334,-2586%
GPU,R9 380 GAMING 4G,MSI,MSI R9 380 GAMING 4GB,140,34.4,75334,-2586%
GPU,11242-13-20G,Sapphire,Sapphire R9 380 4GB NITRO,140,34.4,75334,-2586%
GPU,11242-02-20G,Sapphire,Sapphire R9 380 2GB Dual-X OC,140,34.4,75334,-2586%
GPU,11242-00-20G,Sapphire,Sapphire R9 380 2GB Dual-X OC,140,34.4,75334,-2586%
GPU,GV-R938G1 GAMING-4GD,Gigabyte,Gigabyte R9 380 4GB G1,140,34.4,75334,-2586%
GPU,GV-R938WF2-4GD,Gigabyte,Gigabyte R9 380 4GB G1 Windforce,140,34.4,75334,-2586%
GPU,R9-380P-2DF5,XFX,XFX R9 380 2GB DD Edition 2DF5,140,34.4,75334,-2586%
GPU,R9-380P-F22M,XFX,XFX R9 380 2GB DD Edition F22M,140,34.4,75334,-2586%
GPU,R9-380P-4255,XFX,XFX R9 380 4GB DD Edition 4255,140,34.4,75334,-2586%
GPU,R9-380P-4DF5,XFX,XFX R9 380 4GB 4DF5,140,34.4,75334,-2586%
GPU,STRIX-R9380-DC2OC-2GD5-GAMING,Asus,Asus R9 380 2GB STRIX,140,34.4,75334,-2586%
GPU,STRIX-R9380-DC2OC-4GD5-GAMING,Asus,Asus R9 380  4GB STRIX GAMING,140,34.4,75334,-2586%
GPU,AXR9 380 4GBD5-PPDHE,PowerColor,PowerColor R9 380 4GB PCS+,140,34.4,75334,-2586%
GPU,,Nvidia,GTX 680,141,33.9,33141,-2694%
GPU,,Nvidia,GTX 960,142,33.6,418450,-2759%
GPU,02G-P4-2966-KR,EVGA,EVGA GTX 960 2GB SuperSC ACX 2.0+,142,33.6,418450,-2759%
GPU,STRIX-GTX960-DC2OC-2GD5,Asus,ASUS GTX 960 2GB STRIX,142,33.6,418450,-2759%
GPU,GTX 960 GAMING 2G,MSI,MSI GTX 960 2GB Gaming,142,33.6,418450,-2759%
GPU,GTX 960 GAMING 4G,MSI,MSI GTX 960 4GB Gaming,142,33.6,418450,-2759%
GPU,04G-P4-3967-KR,EVGA,EVGA GTX 960 4GB SuperSC ACX 2.0 Backplate,142,33.6,418450,-2759%
GPU,GV-N960WF2OC-2GD,Gigabyte,Gigabyte GTX 960 2GB Windforce 2X,142,33.6,418450,-2759%
GPU,GV-N960OC-4GD,Gigabyte,Gigabyte GTX 960 2GB OC,142,33.6,418450,-2759%
GPU,STRIX-GTX960-DC2OC-4GD5,Asus,ASUS GTX 960 4GB STRIX,142,33.6,418450,-2759%
GPU,04G-P4-3969-KR,EVGA,EVGA GTX 960 4GB FTW GAMING ACX 2.0+,142,33.6,418450,-2759%
GPU,,AMD,R9 285,143,32.8,5935,-2931%
GPU,R9 285 GAMING 2G,MSI,MSI R9 285 2GB GAMING,143,32.8,5935,-2931%
GPU,11235-03-20G,Sapphire,Sapphire R9 285 2GB Dual-X OC,143,32.8,5935,-2931%
GPU,AXR9 285 2GBD5-TDHE,PowerColor,PowerColor R9 285 2GB Turbo Duo,143,32.8,5935,-2931%
GPU,,AMD,R9 280,144,32,42793,-3103%
GPU,11230-00-20G,Sapphire,Sapphire R9 280 3GB Dual-X,144,32,42793,-3103%
GPU,R9280ATDFD,XFX,XFX R9 280 3GB Double Dissipation,144,32,42793,-3103%
GPU,R9280ATDBD,XFX,XFX R9 280 3GB Double Dissipation Black,144,32,42793,-3103%
GPU,,Nvidia,Quadro K5200,145,32,1611,-3103%
GPU,,Nvidia,GTX 970M,146,31.8,25299,-3147%
GPU,,Nvidia,Quadro M4000,147,31.6,8869,-3190%
GPU,,Nvidia,GTX 1050-Ti,148,30.9,1036829,-3341%
GPU,04G-P4-6253-KR,EVGA,EVGA GTX 1050 Ti 4GB SC Single Fan,148,30.9,1036829,-3341%
GPU,04G-P4-6251-KR,EVGA,EVGA GTX 1050 Ti 4GB Gaming Single Fan,148,30.9,1036829,-3341%
GPU,04G-P4-6255-KR,EVGA,EVGA GTX 1050 Ti 4GB SSC GAMING ACX 3.0,148,30.9,1036829,-3341%
GPU,GTX 1050 TI 4G OC,MSI,MSI GTX 1050 Ti 4GB OC,148,30.9,1036829,-3341%
GPU,GTX 1050 TI 4GT OC,MSI,MSI GTX 1050 Ti 4GB OC Twin,148,30.9,1036829,-3341%
GPU,GV-N105TOC-4GD,Gigabyte,Gigabyte GTX 1050 Ti 4GB OC,148,30.9,1036829,-3341%
GPU,ZT-P10510A-10L,Zotac,Zotac GTX 1050 Ti 4GB Mini,148,30.9,1036829,-3341%
GPU,ZT-P10510B-10L,Zotac,Zotac GTX 1050 Ti 4GB Twin,148,30.9,1036829,-3341%
GPU, GV-N105TWF2OC-4GD,Gigabyte,Gigabyte GTX 1050 Ti 4GB Twin,148,30.9,1036829,-3341%
GPU,GeForce GTX 1050 TI GAMING X 4G,MSI,MSI GTX 1050 Ti 4GB GAMING X,148,30.9,1036829,-3341%
GPU,EX-GTX1050TI-4G,Asus,Asus GTX 1050 Ti 4GB Expedition,148,30.9,1036829,-3341%
GPU,STRIX-GTX1050TI-O4G-GAMING,Asus,Asus GTX 1050 Ti 4GB ROG STRIX,148,30.9,1036829,-3341%
GPU,04G-P4-6258-KR,EVGA,EVGA GTX 1050 Ti 4GB FTW GAMING ACX 3.0,148,30.9,1036829,-3341%
GPU,GV-N105TD5-4GD,Gigabyte,Gigabyte GTX 1050 Ti 4GB 1430 MHz,148,30.9,1036829,-3341%
GPU,GV-N105TG1GAMING-4GD,Gigabyte,Gigabyte GTX 1050 Ti 4GB G1 GAMING,148,30.9,1036829,-3341%
GPU,VCGGTX1050T4PB,PNY,PNY GTX 1050 Ti 4GB Single,148,30.9,1036829,-3341%
GPU,Cerberus-GTX1050Ti-O4G,Asus,Asus GTX 1050 Ti 4GB Cerberus OC,148,30.9,1036829,-3341%
GPU,GV-N105TOC-4GL,Gigabyte,Gigabyte GTX 1050 Ti 4GB OC Low Profile,148,30.9,1036829,-3341%
GPU,,AMD,HD 7950,149,30.8,35121,-3362%
GPU,,Nvidia,GTX 1050-Ti (Mobile),150,30.7,113256,-3384%
GPU,,Nvidia,GTX 670,151,29.2,51475,-3707%
GPU,,Nvidia,GTX 880M,152,28.3,2248,-3901%
GPU,,Nvidia,GTX 760,153,27.8,158023,-4009%
GPU,,Nvidia,GTX 660-Ti,154,27.7,42078,-4030%
GPU,,AMD,R9 270X,155,27.5,78439,-4073%
GPU,11217-01-20G,Sapphire,Sapphire R9 270X 2GB Dual-X Boost OC,155,27.5,78439,-4073%
GPU,11217-04-20G,Sapphire,Sapphire R9 270X 4GB Dual-X Boost OC,155,27.5,78439,-4073%
GPU,GV-R927XOC-2GD,Gigabyte,Gigabyte R9 270X 2GB WINDFORCE,155,27.5,78439,-4073%
GPU,GV-R927XOC-4GD,Gigabyte,Gigabyte R9 270X 4GB WINDFORCE,155,27.5,78439,-4073%
GPU,R9270X-DC2T-2GD5,Asus,Asus R9 270X 2GB DirectCU II,155,27.5,78439,-4073%
GPU,,Nvidia,GTX 760 Ti OEM,156,27.2,1814,-4138%
GPU,,Nvidia,GTX 1050,157,27,254118,-4181%
GPU,ZT-P10500A-10L,Zotac,Zotac GTX 1050 2GB Mini,157,27,254118,-4181%
GPU,GTX 1050 2G OC,MSI,MSI GTX 1050 2GB OC,157,27,254118,-4181%
GPU,GTX 1050 2GT OC,MSI,MSI GTX 1050 2GB TWIN OC,157,27,254118,-4181%
GPU,GTX 1050 GAMING X 2G,MSI,MSI GTX 1050 2GB GAMING X,157,27,254118,-4181%
GPU,GV-N1050OC-2GD,Gigabyte,Gigabyte GTX 1050 2GB OC,157,27,254118,-4181%
GPU,02G-P4-6152-KR,EVGA,EVGA GTX 1050 2GB SC GAMING,157,27,254118,-4181%
GPU,GV-N1050D5-2GD,Gigabyte,Gigabyte GTX 1050 2GB OC Single,157,27,254118,-4181%
GPU,GV-N1050WF2OC-2GD,Gigabyte,Gigabyte GTX 1050 2GB Windforce,157,27,254118,-4181%
GPU,EX-GTX1050-2G,Asus,Asus GTX 1050 2GB Expedition,157,27,254118,-4181%
GPU,02G-P4-6154-KR,EVGA,EVGA GTX 1050 2GB SSC GAMING,157,27,254118,-4181%
GPU,VCGGTX10502PB,PNY,PNY GTX 1050 2GB,157,27,254118,-4181%
GPU,02G-P4-6150-KR,EVGA,EVGA GTX 1050 2GB GAMING,157,27,254118,-4181%
GPU,PH-GTX1050-2G,Asus,Asus GTX 1050 2GB Phoenix,157,27,254118,-4181%
GPU,,AMD,HD 7870,158,26.6,41044,-4267%
GPU,,Nvidia,GTX 1630,159,26.4,102,-4310%
GPU,,Nvidia,GTX 1050-Ti (Mobile Max-Q),160,26.4,10799,-4310%
GPU,,Nvidia,GTX 950,161,26,119522,-4397%
GPU,ZT-90601-10L,Zotac,Zotac GTX 950 2GB,161,26,119522,-4397%
GPU,ZT-90602-10M,Zotac,Zotac GTX 950 2GB OC,161,26,119522,-4397%
GPU,ZT-90603-10M,Zotac,Zotac GTX 950 2GB AMP!,161,26,119522,-4397%
GPU,02G-P4-2951-KR,EVGA,EVGA GTX 950 2GB SC,161,26,119522,-4397%
GPU,02G-P4-2958-KR,EVGA,EVGA GeForce GTX 950 2GB ACX 2.0,161,26,119522,-4397%
GPU,02G-P4-2957-KR,EVGA,EVGA GTX 950 2GB SSC ACX,161,26,119522,-4397%
GPU,STRIX-GTX950-DC2OC-2GD5-GAMING,Asus,Asus GTX 950 2GB STRIX GAMING,161,26,119522,-4397%
GPU,GV-N950WF2OC-2GD,Gigabyte,Gigabyte GTX 950 2GB Windforce,161,26,119522,-4397%
GPU,GTX 950 GAMING 2G,MSI,MSI GTX 950 2GB GAMING,161,26,119522,-4397%
GPU,GTX 950 2GD5 OC,MSI,MSI GTX 950 2GB OC,161,26,119522,-4397%
GPU,GV-N950XTREME-2GD,Gigabyte,Gigabyte GTX 950 2GB XTREME,161,26,119522,-4397%
GPU,,AMD,Radeon RX Vega M GL,162,25.1,1514,-4591%
GPU,,Nvidia,GTX 1050 (Mobile),163,24.9,165406,-4634%
GPU,,Nvidia,GTX 780M,164,24.9,3942,-4634%
GPU,,Nvidia,Quadro P1000,165,24.6,7154,-4698%
GPU,,Nvidia,GeForce GTX 590 (SLI Disabled),166,24.4,1221,-4741%
GPU,,AMD,R9 270,167,24.4,48522,-4741%
GPU,R9270-DC2OC-2GD5,Asus,ASUS R9 270 2GB Direct CU II OC,167,24.4,48522,-4741%
GPU,11220-00-20G,Sapphire,Sapphire R9 270 2GB Dual-X Boost OC,167,24.4,48522,-4741%
GPU,GV-R927OC-2GD,Gigabyte,Gigabyte R9 270 2GB OC,167,24.4,48522,-4741%
GPU,,Nvidia,GTX 965M,168,23.8,3836,-4871%
GPU,,Nvidia,GTX 870M,169,23.6,3072,-4914%
GPU,,AMD,FirePro W7000,170,22.9,72,-5065%
GPU,,Parallels,Display Adapter (WDDM),171,22.7,1991,-5108%
GPU,,AMD,RX 560,172,22.6,54540,-5129%
GPU,RX 560 AERO ITX 4G OC,MSI,MSI RX 560 4GB Aero ITX,172,22.6,54540,-5129%
GPU,,Nvidia,GTX 680MX,173,22.5,274,-5151%
GPU,,Nvidia,Quadro K5100M,174,22.3,625,-5194%
GPU,,Nvidia,Quadro K5000,175,22.1,3576,-5237%
GPU,,Nvidia,Quadro K4200,176,21.9,7021,-5280%
GPU,,Nvidia,GTX 775M,177,21.9,469,-5280%
GPU,,Nvidia,Quadro M2000,178,21.6,5564,-5345%
GPU,,Nvidia,GTX 580,179,21.5,15137,-5366%
GPU,,Nvidia,GTX 660,180,21.1,123681,-5453%
GPU,,AMD,R9 M290X,181,21,1451,-5474%
GPU,,Nvidia,GTX 760 (192-bit),182,20.9,10718,-5496%
GPU,,AMD,R7 370,183,20.9,37684,-5496%
GPU,R7 370 GAMING 4G,MSI,MSI R7 370 4GB Gaming,183,20.9,37684,-5496%
GPU,R7 370 GAMING 2G,MSI,MSI R7 370 2GB Gaming,183,20.9,37684,-5496%
GPU,GV-R737WF2OC-2GD,Gigabyte,Gigabyte AMD R7 370 2GB,183,20.9,37684,-5496%
GPU,11240-06-20G,Sapphire,Sapphire R7 370 2GB Dual-X OC ,183,20.9,37684,-5496%
GPU,11240-04-20G,Sapphire,Sapphire R7 370 4GB NITRO Dual-X OC,183,20.9,37684,-5496%
GPU,STRIX-R7370-DC2OC-2GD5-GAMING,Asus,ASUS R7 370 2GB STRIX OC,183,20.9,37684,-5496%
GPU,STRIX-R7370-DC2OC-4GD5-GAMING,Asus,ASUS R7 370 4GB STRIX OC,183,20.9,37684,-5496%
GPU,R7-370P-2SF5,XFX,XFX R7 370 2GB 2SF5,183,20.9,37684,-5496%
GPU,,AMD,HD 6970,184,20.7,9260,-5539%
GPU,,AMD,Radeon HD 7970M,185,20.6,945,-5560%
GPU,,AMD,HD 6990 (Crossfire Disabled),186,20.5,1179,-5582%
GPU,,Microsoft,RemoteFX Graphics Device - WDDM,187,20.3,123,-5625%
GPU,,AMD,RX 460,188,20.1,63867,-5668%
GPU,GV-RX460WF2OC-4GD,Gigabyte,Gigabyte RX 460 4GB Windforce OC,188,20.1,63867,-5668%
GPU, GV-RX460WF2OC-2GD,Gigabyte,Gigabyte RX 460 2GB Windforce OC,188,20.1,63867,-5668%
GPU,STRIX-RX460-O4G-GAMING,Asus,Asus RX 460 4GB ROG STRIX OC,188,20.1,63867,-5668%
GPU,GV-RX460WF2OC-2GD,Gigabyte,Gigabyte RX 460 2GB Windforce OC,188,20.1,63867,-5668%
GPU,AXRX 460 2GBD5-DH/OC,PowerColor,PowerColor RX 460 2GB Red Dragon,188,20.1,63867,-5668%
GPU,11257-02-20G,Sapphire,Sapphire RX 460 4GB Nitro,188,20.1,63867,-5668%
GPU,100409-2GOCL,Sapphire,Sapphire RX 460 2GB 1210 MHz,188,20.1,63867,-5668%
GPU,11257-00-20G,Sapphire,Sapphire RX 460 2GB 1090 MHz,188,20.1,63867,-5668%
GPU,RX-460P4DFG5,XFX,XFX RX 460 2GB,188,20.1,63867,-5668%
GPU,RX-460P2SFG5,XFX,XFX RX 460 2GB,188,20.1,63867,-5668%
GPU,RX-460P4SFG5,XFX,XFX RX 460 4GB SF,188,20.1,63867,-5668%
GPU,GV-RX460WF2OC-4GD,Gigabyte,Gigabyte RX 460 4GB Windforce 2x,188,20.1,63867,-5668%
GPU,DUAL-RX460-O2G,Asus,Asus RX 460 2GB Dual Fan OC,188,20.1,63867,-5668%
GPU,Radeon RX 460 2G OC,MSI,MSI RX 460 2GB 2G OC,188,20.1,63867,-5668%
GPU,,AMD,HD 7790,189,20,8709,-5690%
GPU,,AMD,Radeon RX 560-B,190,19.9,51851,-5711%
GPU,,AMD,R9 M290,191,19.9,89,-5711%
GPU,,AMD,R7 260X,192,19.8,35850,-5733%
GPU,11222-22-20G,Sapphire,SAPPHIRE R7 260X 2GB OC 2x DVI,192,19.8,35850,-5733%
GPU,11222-06-20G,Sapphire,SAPPHIRE R7 260X 2GB OC,192,19.8,35850,-5733%
GPU,R7260XCNF4,XFX,XFX 260X 2GB,192,19.8,35850,-5733%
GPU,R7 260X 2GD5 OC,MSI,MSI R7 260X 2GB OC,192,19.8,35850,-5733%
GPU,,AMD,R7 265,193,19.7,9117,-5754%
GPU,11232-00-20G,Sapphire,Sapphire R7 265 2GB Dual-X ,193,19.7,9117,-5754%
GPU,R7 265 2GD5 OC,MSI,MSI R7 265 2GB OC,193,19.7,9117,-5754%
GPU,,Nvidia,GTX 680M,194,19.4,1304,-5819%
GPU,,AMD,HD 5870,195,19.4,10554,-5819%
GPU,,Nvidia,GeForce MX350,196,19.2,2441,-5862%
GPU,,AMD,HD 6950,197,19.2,23478,-5862%
GPU,,Nvidia,GTX 570,198,19.1,21326,-5884%
GPU,,AMD,HD 7850,199,19,51352,-5905%
GPU,,Nvidia,GTX 480,200,18.7,3923,-5970%
GPU,,Vmware,SVGA 3D,201,18.4,9594,-6034%
GPU,,Nvidia,GTX 750-Ti,202,18.2,293396,-6078%
GPU,02G-P4-3753-KR,EVGA,EVGA GTX 750 Ti 2GB SC,202,18.2,293396,-6078%
GPU,GTX750TI-OC-2GD5,Asus,ASUS GTX 750 Ti 2GB OC,202,18.2,293396,-6078%
GPU,N750TI-2GD5TLP,MSI,MSI GTX 750 Ti 2GB,202,18.2,293396,-6078%
GPU,N750TI TF 2GD5/OC,MSI,MSI GTX 750 Ti 2GB Gaming,202,18.2,293396,-6078%
GPU,02G-P4-3751-KR,EVGA,EVGA GTX 750 Ti 2GB,202,18.2,293396,-6078%
GPU,02G-P4-3757-KR,EVGA,EVGA GTX 750 Ti 2GB FTW,202,18.2,293396,-6078%
GPU,GV-N75TOC2-2GI,Gigabyte,Gigabyte GTX 750 Ti 2GB OC 2,202,18.2,293396,-6078%
GPU,GV-N75TOC-1GI,Gigabyte,Gigabyte GTX 750 Ti 2GB,202,18.2,293396,-6078%
GPU,,Nvidia,GTX 650 Ti Boost,203,18.1,15557,-6099%
GPU,,Nvidia,GTX 560 Ti (448 Core LE),204,18,2151,-6121%
GPU,,Nvidia,GTX 960M,205,17.7,68656,-6185%
GPU,,AMD,R7 360,206,17.5,22942,-6228%
GPU,R7 360 2GD5 OC,MSI,MSI R7 360 2G OC,206,17.5,22942,-6228%
GPU,11243-00-20G,Sapphire,Sapphire R7 360 2GB OC,206,17.5,22942,-6228%
GPU,11243-05-20G,Sapphire,Sapphire R7 360 2GB NITRO,206,17.5,22942,-6228%
GPU,GV-R736OC-2GD,Gigabyte,Gigabyte R7 360 2GB,206,17.5,22942,-6228%
GPU,GV-R736OC-2GD REV2.0,Gigabyte,Gigabyte R7 360 2GB V2,206,17.5,22942,-6228%
GPU,R7-360P-2SF5,XFX,XFX R7 360 2GB 360P,206,17.5,22942,-6228%
GPU,R7360-OC-2GD5-V2,Asus,Asus R7 360 2GB OC V2,206,17.5,22942,-6228%
GPU,,AMD,RX Vega 8 5000 (iGPU),207,17.4,106171,-6250%
GPU,,Nvidia,Quadro K2200,208,17.3,15507,-6272%
GPU,,Nvidia,GTX 770M,209,17.2,6278,-6293%
GPU,,Nvidia,GTX 560 Ti,210,17.1,41708,-6315%
GPU,,AMD,Radeon HD 8950,211,16.7,602,-6401%
GPU,,AMD,HD 5970 (Crossfire Disabled),212,16.6,1619,-6422%
GPU,,AMD,FirePro M6100 (FireGL V),213,16.5,239,-6444%
GPU,,Nvidia,Quadro K5000M,214,16.4,345,-6466%
GPU,,Intel,Iris Xe DG1,215,16.3,94,-6487%
GPU,,Nvidia,GTX 860M,216,16.3,19551,-6487%
GPU,,Intel,Iris Xe,217,16.2,132339,-6509%
GPU,,AMD,RX Vega 11 (Ryzen iGPU),218,16.1,47970,-6530%
GPU,,Nvidia,GTX 675MX,219,16,567,-6552%
GPU,,Nvidia,GTX 650-Ti,220,15.5,26520,-6659%
GPU,,Nvidia,GeForce GTX 470,221,15.5,5279,-6659%
GPU,,AMD,HD 5850,222,15.4,14623,-6681%
GPU,,Nvidia,GTX 850M,223,15.2,13563,-6724%
GPU,,Nvidia,GTX 750,224,15.2,73531,-6724%
GPU,01G-P4-2751-KR,EVGA,EVGA GTX 750 1GB Dual-Link,224,15.2,73531,-6724%
GPU,01G-P4-2753-KR,EVGA,EVGA GTX 750 1GB Dual-Link SC,224,15.2,73531,-6724%
GPU,,AMD,HD 6870,225,15.1,26218,-6746%
GPU,,Nvidia,GTX 950M,226,14.9,38138,-6789%
GPU,,Nvidia,MX150-0,227,14.7,32403,-6832%
GPU,,Nvidia,GeForce MX250,228,14.5,9648,-6875%
GPU,,Nvidia,GT 1030,229,14.4,171815,-6897%
GPU,,Nvidia,GTX 460 v2,230,14.3,669,-6918%
GPU,,Nvidia,GTX 560 Ti-OEM,231,14.3,1432,-6918%
GPU,,Nvidia,GTX 560,232,14.2,28403,-6940%
GPU,,Nvidia,GTX 765M,233,14.1,6997,-6961%
GPU,,Nvidia,Quadro 6000,234,13.6,1446,-7069%
GPU,,Nvidia,Quadro K1200,235,13.4,3830,-7112%
GPU,,Nvidia,GeForce GTX 580M,236,13.3,406,-7134%
GPU,,AMD,RX 550,237,13.3,82224,-7134%
GPU,,Nvidia,GTX 675M,238,13.3,989,-7134%
GPU,,Nvidia,Quadro K4000,239,13.1,10288,-7177%
GPU,,AMD,HD 5830,240,13,2683,-7198%
GPU,,AMD,HD 7770,241,12.7,39258,-7263%
GPU,,AMD,FirePro V7900 (FireGL V),242,12.6,569,-7284%
GPU,,AMD,RX Vega 8 4000 (iGPU),243,12.6,151972,-7284%
GPU,,Nvidia,GTX 460,244,12.5,30678,-7306%
GPU,,AMD,Radeon HD 8760,245,12.4,200,-7328%
GPU,,Intel,Iris Pro 580 (Mobile Skylake),246,12.3,768,-7349%
GPU,,Nvidia,Quadro K4000M,247,12.2,619,-7371%
GPU,,Nvidia,GTX 670MX,248,12.1,2241,-7392%
GPU,,AMD,R7 250X,249,12.1,11727,-7392%
GPU,,Nvidia,GeForce GTX 555,250,11.9,733,-7435%
GPU,,Nvidia,GTX 465,251,11.9,1411,-7435%
GPU,,AMD,HD 6850,252,11.7,28053,-7478%
GPU,,Nvidia,Quadro K3100M,253,11.6,2810,-7500%
GPU,,Nvidia,GTX 760M,254,11.6,1741,-7500%
GPU,,Nvidia,GeForce GTX 485M,255,11.4,60,-7543%
GPU,,Nvidia,GeForce GTX 560 SE,256,11.4,1766,-7543%
GPU,,Nvidia,GeForce GTX 295 (SLI Disabled),257,11.2,1051,-7586%
GPU,,AMD,RX Vega 10 (Ryzen iGPU),258,10.9,544,-7651%
GPU,,Nvidia,MX150-2,259,10.9,5244,-7651%
GPU,,Nvidia,Quadro K620,260,10.8,17040,-7672%
GPU,,ATI,Radeon HD 5700,261,10.8,22,-7672%
GPU,,Intel,Iris Plus G7,262,10.6,45035,-7716%
GPU,,AMD,HD 5770,263,10.5,36331,-7737%
GPU,,Nvidia,GeForce MX230,264,10.5,6515,-7737%
GPU,,AMD,RX Vega 8 (Ryzen iGPU),265,10.5,92651,-7737%
GPU,,Nvidia,GTX 670M,266,10.4,2952,-7759%
GPU,,AMD,R9 M370X,267,10.3,1100,-7780%
GPU,,AMD,Radeon HD 6770,268,10.3,16498,-7780%
GPU,,Nvidia,GTX 460 SE,269,10.3,3139,-7780%
GPU,,AMD,HD 6790,270,10.3,3983,-7780%
GPU,,AMD,HD 6970M,271,10.1,1549,-7823%
GPU,,ATI,HD 4890,272,10.1,127,-7823%
GPU,,Asus,EAH6770,273,10.1,105,-7823%
GPU,,AMD,FirePro M6000,274,10.1,235,-7823%
GPU,,Nvidia,GTX 745 (OEM),275,9.97,27178,-7851%
GPU,,Nvidia,GeForce GTX 645,276,9.95,4970,-7856%
GPU,,Nvidia,MX130,277,9.94,14793,-7858%
GPU,,Nvidia,GTX 940M,278,9.89,15019,-7869%
GPU,,AMD,Radeon 540,279,9.84,167,-7879%
GPU,,Nvidia,940MX,280,9.76,38717,-7897%
GPU,,Nvidia,GeForce GTX 285,281,9.76,2859,-7897%
GPU,,Nvidia,Quadro 5000,282,9.75,2778,-7899%
GPU,,Nvidia,GeForce GT 755M,283,9.65,3574,-7920%
GPU,,Nvidia,GeForce GTX 570M,284,9.64,635,-7922%
GPU,,AMD,FirePro M5100 (FireGL V),285,9.55,345,-7942%
GPU,,Nvidia,GeForce 840M,286,9.54,20101,-7944%
GPU,,Intel,Iris Pro HD 6200 (Desktop),287,9.47,1175,-7959%
GPU,,AMD,FirePro M8900,288,9.46,199,-7961%
GPU,,Nvidia,GTX 275,289,9.45,3119,-7963%
GPU,,Nvidia,GTX 550-Ti,290,9.07,55322,-8045%
GPU,,AMD,Radeon HD 7800M,291,9.01,505,-8058%
GPU,,Intel, Iris Plus 650 (Mobile Kaby Lake),292,8.77,1680,-8110%
GPU,,Nvidia,GeForce GTX 280,293,8.77,1426,-8110%
GPU,,Nvidia,GTX 650,294,8.68,71560,-8129%
GPU,,ATI,FirePro V5800 (FireGL V),295,8.64,437,-8138%
GPU,,ATI,HD 4870,296,8.64,21547,-8138%
GPU,,Nvidia,930MX,297,8.58,6951,-8151%
GPU,,Intel,Iris 550 (Mobile Skylake),298,8.54,755,-8159%
GPU,,AMD,Mobility Radeon HD 5870,299,8.49,2962,-8170%
GPU,,Nvidia,Quadro FX 5800,300,8.43,789,-8183%
GPU,,Nvidia,GeForce GT 750M,301,8.37,13906,-8196%
GPU,,Nvidia,GeForce GTX 480M,302,8.3,34,-8211%
GPU,,AMD,R7 250,303,8.29,24901,-8213%
GPU,,Nvidia,Quadro 4000M,304,8.23,1126,-8226%
GPU,,AMD,HD 5750,305,8.15,12238,-8244%
GPU,,Intel,UHD Graphics 770,306,8.05,12269,-8265%
GPU,,AMD,R7 250E,307,8.02,10450,-8272%
GPU,,Intel,Iris Plus 640 (Mobile Kaby Lake),308,7.99,8474,-8278%
GPU,,Nvidia,GeForce GT 740,309,7.92,30040,-8293%
GPU,,ATI,Radeon HD 4850,310,7.91,1024,-8295%
GPU,,AMD,Radeon HD 6700,311,7.87,4322,-8304%
GPU,,ATI,Radeon HD 4850-X2,312,7.85,100,-8308%
GPU,,Nvidia,Quadro K3000M,313,7.84,2291,-8310%
GPU,,AMD,HD 7750,314,7.75,23065,-8330%
GPU,,Nvidia,GeForce 9800 GTX,315,7.66,3950,-8349%
GPU,,Nvidia,GeForce GTS 450,316,7.65,29414,-8351%
GPU,,Nvidia,Quadro K2000,317,7.6,12465,-8362%
GPU,,Nvidia,GTX 660M,318,7.6,7312,-8362%
GPU,,Nvidia,GeForce GT 745M,319,7.57,1220,-8369%
GPU,,Nvidia,GeForce GTX 560M,320,7.54,6242,-8375%
GPU,,Nvidia,GTX 260,321,7.52,12176,-8379%
GPU,,Nvidia,Quadro K2100M,322,7.44,6446,-8397%
GPU,,ATI,Radeon HD 4800,323,7.31,119,-8425%
GPU,,AMD,RX Vega 6 (Ryzen iGPU),324,7.31,2334,-8425%
GPU,,Nvidia,GeForce GTX 460M,325,7.23,3999,-8442%
GPU,,Intel,UHD Graphics 750,326,7.22,13508,-8444%
GPU,,Nvidia,GeForce GTS 250,327,7.12,14498,-8466%
GPU,,ATI,Radeon HD 4770,328,7.12,1513,-8466%
GPU,,AMD,Radeon HD 7700M,329,7.09,691,-8472%
GPU,,Nvidia,GeForce 8800 GTS-512,330,7.09,1281,-8472%
GPU,,Intel,Iris Plus G4,331,7.08,9520,-8474%
GPU,,AMD,FirePro M4000,332,6.99,1459,-8494%
GPU,,Nvidia,GeForce GT 640,333,6.99,34672,-8494%
GPU,,Intel,Iris 540 (Mobile Skylake),334,6.99,4691,-8494%
GPU,,AMD,Mobility Radeon HD 5850,335,6.93,1222,-8506%
GPU,,Nvidia,Quadro FX 3800M,336,6.9,383,-8513%
GPU,,Nvidia,GeForce GT 650M,337,6.85,13302,-8524%
GPU,,Nvidia,Quadro 4000,338,6.79,14231,-8537%
GPU,,Nvidia,GeForce 830M,339,6.69,1247,-8558%
GPU,,AMD,Radeon R7 Graphics,340,6.58,25018,-8582%
GPU,,Nvidia,Quadro FX 3800,341,6.55,3682,-8588%
GPU,,ATI,FirePro M7740,342,6.53,218,-8593%
GPU,,AMD,Radeon  530,343,6.5,3134,-8599%
GPU,,Nvidia,GeForce GTS 240,344,6.49,1065,-8601%
GPU,,Nvidia,GeForce GTX 285M,345,6.47,127,-8606%
GPU,,AMD,Radeon HD 8570,346,6.4,3519,-8621%
GPU,,Nvidia,GeForce GTX 280M,347,6.38,161,-8625%
GPU,,AMD,FirePro V4900,348,6.33,2151,-8636%
GPU,,Intel,Iris Pro HD 6100 (Mobile),349,6.3,5611,-8642%
GPU,,Nvidia,MX110,350,6.3,7212,-8642%
GPU,,AMD,HD 7730,351,6.28,3147,-8647%
GPU,,Nvidia,GeForce 8800 Ultra,352,6.23,122,-8657%
GPU,,Nvidia,Quadro 2000,353,6.13,15764,-8679%
GPU,,Nvidia,GeForce 8800 GT,354,6.13,5635,-8679%
GPU,,Nvidia,GeForce GT 740M,355,6.12,16052,-8681%
GPU,,AMD,FirePro V5900 (FireGL V),356,6.1,1609,-8685%
GPU,,Nvidia,GeForce GT 635,357,5.99,3561,-8709%
GPU,,Nvidia,920MX,358,5.93,8274,-8722%
GPU,,Intel,HD 6000 (Mobile),359,5.91,4967,-8726%
GPU,,Nvidia,Quadro K2000M,360,5.88,4220,-8733%
GPU,,AMD,Radeon HD 6670,361,5.83,33247,-8744%
GPU,,Nvidia,GeForce GT 545,362,5.7,2950,-8772%
GPU,,Nvidia,GeForce 8800 GTX,363,5.67,1488,-8778%
GPU,,Intel,UHD Graphics 730,364,5.65,9721,-8782%
GPU,,Nvidia,Quadro K1100M,365,5.64,4953,-8784%
GPU,,AMD,Radeon HD 8650G,366,5.64,3368,-8784%
GPU,,Nvidia,Quadro 3000M,367,5.62,2505,-8789%
GPU,,Nvidia,Quadro FX 3700M,368,5.6,383,-8793%
GPU,,AMD,R7 240,369,5.56,56184,-8802%
GPU,,Nvidia,GeForce 9800 GT,370,5.55,18811,-8804%
GPU,,AMD,Radeon HD 6730M,371,5.51,118,-8813%
GPU,,AMD,Radeon  HD 6770M,372,5.43,676,-8830%
GPU,,AMD,Radeon HD 6700M,373,5.39,1869,-8838%
GPU,,Nvidia,GeForce GT 640M,374,5.38,3527,-8841%
GPU,,Intel,Iris Pro HD 5200 (V1 Mobile 1.15 GHz),375,5.33,1180,-8851%
GPU,,AMD,Radeon HD 5670,376,5.32,16976,-8853%
GPU,,AMD,Radeon HD 7670,377,5.3,3376,-8858%
GPU,,Intel,UHD G1,378,5.2,66002,-8879%
GPU,,AMD,Radeon HD 8670D,379,5.18,6658,-8884%
GPU,,ATI,FirePro V4800 (FireGL V),380,5.17,2319,-8886%
GPU,,Nvidia,Quadro 2000M,381,5.12,3141,-8897%
GPU,,Intel,UHD Graphics 630 (Desktop Coffee Lake i5 i7),382,5.12,138101,-8897%
GPU,,AMD,Radeon HD 7570,383,5.07,12933,-8907%
GPU,,Nvidia,Quadro FX 2800M,384,5.05,1103,-8912%
GPU,,Intel,Iris Pro HD 5200 (V2 Mobile 1.2 GHz),385,5.04,5300,-8914%
GPU,,Nvidia,GeForce GT 730,386,5.03,164775,-8916%
GPU,,ATI,Radeon HD 3870,387,5.01,1729,-8920%
GPU,,Nvidia,Quadro FX 3700,388,4.99,1103,-8925%
GPU,,AMD,Radeon HD 7660D,389,4.98,7522,-8927%
GPU,,Intel,HD 630 (Desktop Kaby Lake),390,4.98,156516,-8927%
GPU,,Nvidia,GeForce 8800 GS,391,4.92,349,-8940%
GPU,,AMD,Radeon HD 6750M,392,4.83,510,-8959%
GPU,,Intel,UHD Graphics 620 (Mobile Kaby Lake R),393,4.83,393994,-8959%
GPU,,AMD,Radeon 520,394,4.82,213,-8961%
GPU,,Nvidia,GeForce GTX 260M,395,4.77,1102,-8972%
GPU,,Intel,UHD Graphics 630 (Desktop Coffee Lake i3),396,4.76,34783,-8974%
GPU,,AMD,Radeon HD 6570,397,4.72,22263,-8983%
GPU,,Intel,HD 530 (Desktop Skylake),398,4.66,185074,-8996%
GPU,,Intel,HD P530 (Server Skylake),399,4.6,5128,-9009%
GPU,,Intel,HD 620 (Mobile Kaby Lake),400,4.59,378482,-9011%
GPU,,Intel,HD 530 (Mobile Skylake),401,4.59,194600,-9011%
GPU,,Nvidia,GeForce GT 445M,402,4.57,365,-9015%
GPU,,Nvidia,GeForce GT 555M,403,4.51,4142,-9028%
GPU,,AMD,Radeon HD 6630M,404,4.46,2453,-9039%
GPU,,AMD,RX Vega 3 (Ryzen iGPU),405,4.38,19596,-9056%
GPU,,Intel,HD 520 (Mobile Skylake),406,4.26,319225,-9082%
GPU,,Nvidia,GeForce GTS 360M,407,4.23,1259,-9088%
GPU,,AMD,Radeon HD 7660G,408,4.2,4117,-9095%
GPU,,Nvidia,GeForce GT 240,409,4.18,10558,-9099%
GPU,,ATI,Radeon HD 3800,410,4.14,3328,-9108%
GPU,,AMD,Radeon HD 5570,411,4.12,11383,-9112%
GPU,,ATI,Mobility Radeon HD 3870-X2 (Crossfire Disabled),412,4.1,143,-9116%
GPU,,AMD,Mobility Radeon HD 5730,413,4.08,2564,-9121%
GPU,,Nvidia,GeForce 8800 GTS,414,4.06,3161,-9125%
GPU,,AMD,Radeon HD 7600M,415,4.04,7568,-9129%
GPU,,Nvidia,GeForce GT 230,416,4.01,1423,-9136%
GPU,,AMD,Radeon HD 7670M,417,3.99,920,-9140%
GPU,,Nvidia,GeForce GT 440,418,3.95,13989,-9149%
GPU,,Nvidia,GeForce 9600 GT,419,3.94,20282,-9151%
GPU,,Nvidia,Quadro FX 4600,420,3.94,1235,-9151%
GPU,,Nvidia,GeForce 820M,421,3.89,8870,-9162%
GPU,,Nvidia,GeForce GT 720,422,3.82,16117,-9177%
GPU,,Nvidia,GeForce GT 630,423,3.78,59096,-9185%
GPU,,Nvidia,NVS 5400M,424,3.75,1599,-9192%
GPU,,Intel,HD 5500 (Mobile 0.95 GHz),425,3.72,223239,-9198%
GPU,,Nvidia,GeForce 9800M GTS,426,3.71,351,-9200%
GPU,,Intel,Iris Pro HD 5100 (Mobile 1.1 GHz),427,3.68,4387,-9207%
GPU,,ATI,Mobility Radeon HD 4670,428,3.67,2155,-9209%
GPU,,AMD,Radeon HD 8570D,429,3.66,8028,-9211%
GPU,,Nvidia,GeForce GT 720M,430,3.66,4571,-9211%
GPU,,Nvidia,GeForce GT 550M,431,3.58,929,-9228%
GPU,,Nvidia,GeForce 710M,432,3.55,2228,-9235%
GPU,,AMD,Radeon HD 7500M,433,3.54,12529,-9237%
GPU,,Nvidia,GeForce GT620M,434,3.53,880,-9239%
GPU,,AMD,Radeon HD 7650M,435,3.53,532,-9239%
GPU,,AMD,Radeon HD 8610G,436,3.52,5548,-9241%
GPU,,AMD,Radeon HD 7560D,437,3.5,9479,-9246%
GPU,,Nvidia,Quadro K600,438,3.5,8792,-9246%
GPU,,AMD,Radeon HD 6550D,439,3.48,3964,-9250%
GPU,,Nvidia,Quadro K1000M,440,3.48,3965,-9250%
GPU,,Nvidia,GeForce GT 635M,441,3.47,3034,-9252%
GPU,,Intel,HD 615 (Mobile Kaby Lake),442,3.45,10646,-9256%
GPU,,Nvidia,GeForce GTS 250M,443,3.44,294,-9259%
GPU,,Nvidia,Quadro FX 1800,444,3.42,6328,-9263%
GPU,,Nvidia,GeForce GT 530,445,3.41,5662,-9265%
GPU,,Nvidia,GeForce GT 430,446,3.38,19825,-9272%
GPU,,Nvidia,GeForce GT 630M,447,3.36,7356,-9276%
GPU,,Nvidia,GeForce GT 710,448,3.36,170781,-9276%
GPU,,Nvidia,GeForce GT625M,449,3.34,42,-9280%
GPU,,Nvidia,Quadro 1000M,450,3.33,6035,-9282%
GPU,,Nvidia,GeForce 9800M-GS,451,3.3,227,-9289%
GPU,,Nvidia,GeForce GT 320,452,3.3,2087,-9289%
GPU,,Nvidia,NVS 5200M,453,3.27,1727,-9295%
GPU,,ATI,Radeon HD 4670,454,3.2,19856,-9310%
GPU,,Nvidia,NVS 510,455,3.19,2295,-9313%
GPU,,Nvidia,GeForce GT 435M,456,3.18,614,-9315%
GPU,,AMD,Radeon HD 6500M,457,3.18,13112,-9315%
GPU,,Nvidia,Quadro 600,458,3.16,15796,-9319%
GPU,,AMD,Radeon HD 8510G,459,3.13,2338,-9325%
GPU,,Nvidia,GeForce GT 540M,460,3.13,14391,-9325%
GPU,,Intel,HD P4000 (Server 1.25 GHz),461,3.11,761,-9330%
GPU,,AMD,Radeon HD 8550G,462,3.1,3015,-9332%
GPU,,Nvidia,Quadro FX 3600M,463,3.1,116,-9332%
GPU,,Intel,HD 515 (Mobile Skylake),464,3.09,9228,-9334%
GPU,,Intel,HD 5000 (Mobile 1.0/1.1 GHz),465,3.07,6916,-9338%
GPU,,AMD,Radeon HD 5500,466,3.06,5829,-9341%
GPU,,AMD,Radeon HD 7610M,467,3.04,309,-9345%
GPU,,AMD,Radeon HD 7640G,468,2.94,7836,-9366%
GPU,,ATI,Radeon HD 4650,469,2.89,1673,-9377%
GPU,,Intel,HD Graphics P4600,470,2.89,2141,-9377%
GPU,,Intel,HD 4000 (Desktop 1.15 GHz),471,2.83,54064,-9390%
GPU,,AMD,Radeon HD 8470D,472,2.82,8421,-9392%
GPU,,ATI,Mobility Radeon HD 4650,473,2.8,4472,-9397%
GPU,,AMD,Radeon HD 6620G,474,2.78,3357,-9401%
GPU,,Nvidia,Quadro FX 1800M,475,2.78,1190,-9401%
GPU,,Intel,HD 4600 (Desktop 1.25 GHz),476,2.76,250918,-9405%
GPU,,AMD,Radeon HD 7600G,477,2.73,1657,-9412%
GPU,,Nvidia,GeForce GT 335M,478,2.72,924,-9414%
GPU,,Intel,HD 4600 (Mobile 1.15 GHz),479,2.71,251449,-9416%
GPU,,Nvidia,GeForce GT 425M,480,2.7,2997,-9418%
GPU,,AMD,Radeon HD 7540D,481,2.67,4371,-9425%
GPU,,Nvidia,Quadro FX 2700M,482,2.62,798,-9435%
GPU,,Intel,HD 4000 (Mobile 1.25 GHz),483,2.6,405101,-9440%
GPU,,Intel, HD 610 (Desktop Kaby Lake),484,2.57,13834,-9446%
GPU,,Nvidia,GeForce GT 525M,485,2.56,8884,-9448%
GPU,,Nvidia,GeForce GT 130,486,2.53,236,-9455%
GPU,,Nvidia,GeForce GT 420M,487,2.45,1915,-9472%
GPU,,Intel,HD 4400 (Desktop 1.15 GHz),488,2.43,55937,-9476%
GPU,,Intel,Core M HD 5300,489,2.41,6994,-9481%
GPU,,AMD,Radeon HD 7520G,490,2.4,4871,-9483%
GPU,,Intel,HD 510 (Desktop Skylake),491,2.32,15960,-9500%
GPU,,AMD,Radeon HD 6530D,492,2.31,4689,-9502%
GPU,,Nvidia,GeForce GT 220,493,2.29,18689,-9506%
GPU,,Intel,HD 4400 (Mobile 1.0/1.1 GHz),494,2.22,274655,-9522%
GPU,,Nvidia,GeForce GT 620,495,2.21,16566,-9524%
GPU,,Nvidia,GeForce GT 330M,496,2.16,7624,-9534%
GPU,,AMD,Radeon HD 6520G,497,2.14,8023,-9539%
GPU,,Nvidia,NVS 5100M,498,2.13,1887,-9541%
GPU,,Nvidia,GeForce GT 240M,499,2.13,2412,-9541%
GPU,,Nvidia,Quadro FX 880M,500,2.11,4649,-9545%
GPU,,Intel,UHD Graphics 605,501,2.1,13868,-9547%
GPU,,Nvidia,GeForce GT 520MX,502,2.07,1569,-9554%
GPU,,AMD,Radeon HD 7500G,503,2.05,1243,-9558%
GPU,,Nvidia,GeForce 9700M GT,504,2.05,300,-9558%
GPU,,Nvidia,GeForce GT 705,505,2,4624,-9569%
GPU,,AMD,Radeon  HD 6490M,506,1.99,416,-9571%
GPU,,AMD,Radeon HD 7470M,507,1.98,451,-9573%
GPU,,AMD,HD 7470,508,1.97,14679,-9575%
GPU,,Nvidia,GeForce GT 130M,509,1.95,682,-9580%
GPU,,Intel,HD 3000 (Desktop V2 1.35 GHz),510,1.93,6890,-9584%
GPU,,AMD,Radeon HD 8370D,511,1.92,5290,-9586%
GPU,,Nvidia,GeForce 8600 GTS,512,1.91,2643,-9588%
GPU,,AMD,Radeon R5,513,1.9,42222,-9591%
GPU,,AMD,Radeon HD 7400M,514,1.87,4713,-9597%
GPU,,AMD,Radeon HD 6470M,515,1.87,4454,-9597%
GPU,,Nvidia,GeForce GT 230M,516,1.86,2887,-9599%
GPU,,AMD,Radeon HD 7480D,517,1.86,8155,-9599%
GPU,,Nvidia,GeForce 610M,518,1.86,4709,-9599%
GPU,,Nvidia,GeForce GT 520,519,1.86,14402,-9599%
GPU,,Nvidia,Quadro 400,520,1.84,1010,-9603%
GPU,,ATI,Radeon HD 2600-XT,521,1.78,1905,-9616%
GPU,,Nvidia,GeForce 9500 GS,522,1.77,1398,-9619%
GPU,,Nvidia,GeForce GT 610,523,1.77,59248,-9619%
GPU,,Intel,HD 3000 (Mobile V2 1.3 GHz),524,1.76,114375,-9621%
GPU,,Nvidia,GeForce 9650M-GT,525,1.75,329,-9623%
GPU,,Nvidia,GeForce GT 520M,526,1.74,5728,-9625%
GPU,,Nvidia,NVS 4200M,527,1.74,6469,-9625%
GPU,,Nvidia,Quadro FX 770M,528,1.74,844,-9625%
GPU,,Nvidia,GeForce GT 420,529,1.74,9661,-9625%
GPU,,ATI,Radeon HD 2600,530,1.73,6,-9627%
GPU,,Nvidia,GeForce 320M,531,1.71,552,-9631%
GPU,,AMD,Radeon HD 7450,532,1.69,10092,-9636%
GPU,,Nvidia,GeForce GT 220M,533,1.67,960,-9640%
GPU,,AMD,Radeon HD 6480G,534,1.67,4985,-9640%
GPU,,AMD,Radeon HD 6450,535,1.66,30909,-9642%
GPU,,Intel,HD 4200 (Mobile 0.85 GHz),536,1.66,3317,-9642%
GPU,,Nvidia,Quadro FX 1600M,537,1.65,423,-9644%
GPU,,Intel,HD 3000 (Desktop V1 1.1 GHz),538,1.61,7859,-9653%
GPU,,Nvidia,GeForce 9500 GT,539,1.59,27299,-9657%
GPU,,AMD,Radeon R3 Graphics,540,1.58,6172,-9659%
GPU,,AMD,Radeon HD 6410D,541,1.57,3112,-9662%
GPU,,ATI,Mobility Radeon HD 3670,542,1.56,405,-9664%
GPU,,AMD,Radeon HD 7400G,543,1.55,375,-9666%
GPU,,Intel,UHD Graphics 600,544,1.54,33075,-9668%
GPU,,AMD,Radeon HD 8400-R3,545,1.53,12368,-9670%
GPU,,Nvidia,GeForce 7900 GTX,546,1.53,191,-9670%
GPU,,Intel,HD 3000 (Mobile V1 1.1/1.2 GHz),547,1.52,207383,-9672%
GPU,,Nvidia,Quadro NVS 320M,548,1.51,171,-9675%
GPU,,ATI,Mobility Radeon HD 2600-XT,549,1.49,295,-9679%
GPU,,Intel,HD Graphics (G4 Pentium/Celeron 1.05/1.15 GHz),550,1.46,36451,-9685%
GPU,,Nvidia,Quadro FX 580,551,1.45,5941,-9688%
GPU,,Nvidia,GeForce 9600M-GS,552,1.45,1042,-9688%
GPU,,ATI,HD 3650,553,1.44,4018,-9690%
GPU,,Nvidia,GeForce 9600M-GT,554,1.42,4021,-9694%
GPU,,Nvidia,GeForce 8600 GT,555,1.4,7840,-9698%
GPU,,Nvidia,GeForce 410M,556,1.4,4591,-9698%
GPU,,ATI,Mobility FireGL V5700,557,1.36,178,-9707%
GPU,,AMD,Radeon HD 8330,558,1.35,8962,-9709%
GPU,,Nvidia,Quadro FX 570M,559,1.33,445,-9713%
GPU,,Nvidia,GeForce GT 415M,560,1.27,85,-9726%
GPU,,Nvidia,NVS 310,561,1.26,4759,-9728%
GPU,,ATI,Radeon HD 2600-PRO,562,1.26,1815,-9728%
GPU,,Intel,HD 2500 (Desktop 1.05 GHz),563,1.23,143038,-9735%
GPU,,ATI,Mobility Radeon HD 545v,564,1.23,656,-9735%
GPU,,ATI,Mobility Radeon HD 3650,565,1.17,3287,-9748%
GPU,,Nvidia,GeForce 8600M GT,566,1.17,2101,-9748%
GPU,,Nvidia,Quadro FX 1700,567,1.15,2644,-9752%
GPU,,Intel,HD Graphics (G3 Pentium/Celeron 1.0/1.1 GHz),568,1.14,29283,-9754%
GPU,,ATI,Mobility Radeon HD 4570,569,1.14,393,-9754%
GPU,,AMD,HD 8240,570,1.14,3326,-9754%
GPU,,ATI,Mobility Radeon HD 2600,571,1.12,958,-9759%
GPU,,AMD,Radeon HD 6370M,572,1.1,748,-9763%
GPU,,ATI,Mobility Radeon HD 6370,573,1.1,335,-9763%
GPU,,Nvidia,GeForce 7800 GTX,574,1.06,207,-9772%
GPU,,ATI,Mobility Radeon HD 4500,575,1.06,10011,-9772%
GPU,,Nvidia,Quadro FX 4500,576,1.01,309,-9782%
GPU,,Nvidia,GeForce 7900 GS,577,0.99,588,-9787%
GPU,,ATI,Radeon HD 4550,578,0.99,3265,-9787%
GPU,,Nvidia,GeForce GT 320M,579,0.95,1807,-9795%
GPU,,Nvidia,Quadro FX 3500,580,0.95,594,-9795%
GPU,,Nvidia,GeForce 7800 GT,581,0.94,231,-9797%
GPU,,ATI,Mobility Radeon HD 5470,582,0.93,16176,-9800%
GPU,,Nvidia,GeForce 310M,583,0.91,8427,-9804%
GPU,,AMD,Radeon HD 6300M,584,0.91,3031,-9804%
GPU,,AMD,Radeon HD 7350,585,0.9,1654,-9806%
GPU,,Nvidia,GeForce 9400 GT,586,0.9,12738,-9806%
GPU,,ATI,Radeon HD 4200,587,0.9,10294,-9806%
GPU,,Nvidia,GeForce G210M,588,0.89,1372,-9808%
GPU,,ATI,Radeon HD 4300,589,0.89,15014,-9808%
GPU,,Nvidia,GeForce 315M,590,0.88,3260,-9810%
GPU,,AMD,FirePro 2270,591,0.86,472,-9815%
GPU,,Nvidia,Quadro FX 380,592,0.86,1159,-9815%
GPU,,ATI,Mobility Radeon HD 4350,593,0.86,1840,-9815%
GPU,,AMD,Radeon HD 6350,594,0.85,2833,-9817%
GPU,,Nvidia,NVS 3100M,595,0.84,8765,-9819%
GPU,,ATI,Mobility Radeon HD 530v,596,0.84,249,-9819%
GPU,,ATI,Radeon HD 3200,597,0.83,5781,-9821%
GPU,,Nvidia,GeForce 310,598,0.82,4099,-9823%
GPU,,AMD,Radeon HD 7340,599,0.82,3266,-9823%
GPU,,ATI,Radeon HD 5400,600,0.81,10059,-9825%
GPU,,AMD,Radeon HD 5450,601,0.81,64090,-9825%
GPU,,Nvidia,GeForce 305M,602,0.81,45,-9825%
GPU,,Nvidia,GeForce G210,603,0.78,3960,-9832%
GPU,,ATI,Mobility Radeon HD 4300,604,0.78,2770,-9832%
GPU,,Nvidia,NVS 300,605,0.77,2470,-9834%
GPU,,Nvidia,GeForce 210,606,0.77,63076,-9834%
GPU,,Nvidia,GeForce Go 7900,607,0.77,122,-9834%
GPU,,AMD,HD 8210,608,0.76,4684,-9836%
GPU,,ATI,Radeon HD 4250,609,0.76,5677,-9836%
GPU,,AMD,Radeon HD 6320,610,0.76,8534,-9836%
GPU,,Nvidia,GeForce 8400 GS,611,0.75,18976,-9838%
GPU,,ATI,Mobility Radeon HD 4250,612,0.73,11030,-9843%
GPU,,Nvidia,GeForce 8600M GS,613,0.73,898,-9843%
GPU,,Nvidia,GeForce 9400M,614,0.73,599,-9843%
GPU,,ATI,Radeon 3000 Graphics,615,0.71,22207,-9847%
GPU,,Nvidia,GeForce 7600 GT,616,0.7,1214,-9849%
GPU,,Nvidia,Quadro NVS 295,617,0.69,1000,-9851%
GPU,,ATI,Radeon HD 4290,618,0.69,1046,-9851%
GPU,,Intel,HD 2000 (Desktop 1.1 GHz),619,0.68,143729,-9853%
GPU,,Intel,HD Graphics (G2 Pentium/Celeron 1.1/1.15 GHz),620,0.67,38296,-9856%
GPU,,AMD,Radeon HD 6310,621,0.67,13006,-9856%
GPU,,Nvidia,GeForce 7800 GS,622,0.66,41,-9858%
GPU,,Nvidia,GeForce 8500 GT,623,0.66,4617,-9858%
GPU,,Nvidia,ION,624,0.65,1633,-9860%
GPU,,AMD,Radeon HD 7310,625,0.65,7836,-9860%
GPU,,ATI,Radeon HD 3450,626,0.64,4640,-9862%
GPU,,Nvidia,Quadro FX 570,627,0.64,1367,-9862%
GPU,,Nvidia,GeForce 8400M GT,628,0.64,371,-9862%
GPU,,Intel,HD Graphics (Clarkdale 0.733/0.9 GHz),629,0.64,16172,-9862%
GPU,,ATI,Mobility Radeon HD 3400,630,0.62,6569,-9866%
GPU,,ATI,Radeon HD 3300,631,0.62,911,-9866%
GPU,,Intel,HD Graphics (Bay Trail 0.667 - 0.854 GHz),632,0.62,89802,-9866%
GPU,,Nvidia,GeForce G105M,633,0.61,2388,-9869%
GPU,,Intel,Q45/Q43 Express Chipset,634,0.58,15736,-9875%
GPU,,Intel,G45/G43 Express Chipset,635,0.57,6510,-9877%
GPU,,AMD,Radeon HD 6250M,636,0.57,47,-9877%
GPU,,Nvidia,Quadro FX 1500,637,0.57,499,-9877%
GPU,,ATI,Radeon HD 2400-PRO,638,0.56,2936,-9879%
GPU,,Nvidia,Quadro NVS 290,639,0.56,1546,-9879%
GPU,,Intel,G41 Express Chipset,640,0.56,31162,-9879%
GPU,,Nvidia,Quadro NVS 140M,641,0.55,885,-9881%
GPU,,Nvidia,GeForce 9300M GS,642,0.54,2046,-9884%
GPU,,Nvidia,Quadro NVS 160M,643,0.53,1471,-9886%
GPU,,Nvidia,GeForce 7600 GS,644,0.53,1213,-9886%
GPU,,AMD,Radeon HD 6290,645,0.52,2401,-9888%
GPU,,Intel,4 Series Internal Chipset,646,0.49,991,-9894%
GPU,,Nvidia,GeForce 8400M GS,647,0.49,2312,-9894%
GPU,,Nvidia,GeForce 9200M GS,648,0.49,1060,-9894%
GPU,,Nvidia,Quadro NVS 450,649,0.49,584,-9894%
GPU,,AMD,Radeon HD 6250,650,0.49,1598,-9894%
GPU,,Nvidia,GeForce 9300 GS,651,0.48,442,-9897%
GPU,,Intel,HD Graphics (Arrandale 0.667/0.766 GHz),652,0.48,94280,-9897%
GPU,,AMD,Radeon X1650,653,0.48,727,-9897%
GPU,,Nvidia,GeForce 8200,654,0.47,1024,-9899%
GPU,,ATI,FirePro 2260,655,0.45,368,-9903%
GPU,,Intel,Mobile Series 4 Express Chipset Family,656,0.45,25180,-9903%
GPU,,ATI,Mobility Radeon HD 2400,657,0.43,633,-9907%
GPU,,ATI,Radeon 3100 Graphics,658,0.42,1219,-9909%
GPU,,AMD,Radeon X1600,659,0.4,1015,-9914%
GPU,,Nvidia,Quadro FX 3450/4000 SDI,660,0.37,416,-9920%
GPU,,Nvidia,GeForce Go 7600,661,0.37,396,-9920%
GPU,,Nvidia,GeForce 7300 GT,662,0.35,1545,-9925%
GPU,,ATI,Mobility Radeon X1600,663,0.33,428,-9929%
GPU,,Nvidia,GeForce 6600 GT,664,0.32,578,-9931%
GPU,,ATI,MOBILITY FireGL V5250,665,0.31,43,-9933%
GPU,,Nvidia,GeForce 8400M G,666,0.3,305,-9935%
GPU,,Nvidia,Quadro NVS 135M,667,0.3,600,-9935%
GPU,,Nvidia,GeForce 8200M G,668,0.3,1353,-9935%
GPU,,Nvidia,GeForce 6600,669,0.22,965,-9953%
GPU,,Nvidia,GeForce 7300 GS,670,0.18,932,-9961%
GPU,,AMD,Radeon X1300,671,0.18,1436,-9961%
GPU,,Nvidia,GeForce Go 7400,672,0.17,410,-9963%
GPU,,AMD,Radeon X1550,673,0.16,754,-9966%
GPU,,ATI,Mobility Radeon X2300,674,0.15,386,-9968%
GPU,,Nvidia,GeForce 7300 LE,675,0.15,1556,-9968%
GPU,,ATI,Mobility Radeon X1400,676,0.13,467,-9972%
GPU,,Nvidia,GeForce Go 7300,677,0.13,580,-9972%
GPU,,ATI,Mobility Radeon X1300,678,0.13,358,-9972%
GPU,,Nvidia,Quadro NVS 440,679,0.11,105,-9976%
GPU,,Nvidia,GeForce 7100 GS,680,0.07,814,-9985%
GPU,,Nvidia,GeForce 7300 SE,681,0.07,2613,-9985%
GPU,,Nvidia,GeForce 7100 / nForce 630i,682,0.07,1219,-9985%
GPU,,Nvidia,GeForce 6200,683,0.06,1771,-9987%
GPU,,Nvidia,GeForce 6150,684,0.06,1044,-9987%
GPU,,Nvidia,GeForce 7025 / nForce 630a,685,0.06,7730,-9987%
GPU,,Nvidia,GeForce 6100,686,0.06,904,-9987%
GPU,,Nvidia,GeForce 6150SE nForce 430,687,0.05,6584,-9989%
GPU,,Nvidia,GeForce 7150M / nForce 630M,688,0.05,388,-9989%
GPU,,Intel,Graphics Media Accelerator 3150,689,0,0,-10000%
